failed_attempt_count,unique_ports_accessed,request_frequency,sql_flag,time_gap,label,ml_pred
0.0,1.0,1.0,0,137814.0,1,0
0.0,1.0,1.0,0,79864.0,1,0
0.0,1.0,1.0,0,26956.0,1,0
0.0,1.0,1.0,0,61904.0,1,0
0.0,1.0,1.0,0,22598.0,1,0
0.0,1.0,1.0,0,39617.0,1,0
0.0,1.0,1.0,0,18543.0,1,0
0.0,1.0,1.0,0,1917.0,1,0
0.0,1.0,1.0,0,34596.0,1,0
0.0,1.0,1.0,0,5058.0,1,0
0.0,1.0,1.0,0,40317.0,1,0
0.0,1.0,1.0,0,81601.0,1,0
0.0,1.0,1.0,0,4782.0,1,0
0.0,1.0,1.0,0,34415.0,1,0
0.0,1.0,1.0,0,7826.0,1,0
1.0,1.0,1.0,0,42200.0,1,0
0.0,1.0,1.0,0,17219.0,1,0
0.0,1.0,1.0,0,165125.0,1,0
0.0,1.0,1.0,0,22316.0,1,0
0.0,1.0,1.0,0,58811.0,1,0
0.0,1.0,1.0,0,53523.0,1,0
0.0,1.0,1.0,0,22606.0,1,0
0.0,1.0,1.0,0,43951.0,1,0
0.0,1.0,1.0,0,99645.0,1,0
0.0,1.0,1.0,0,26690.0,1,0
0.0,1.0,1.0,0,59682.0,1,0
0.0,1.0,1.0,0,57192.0,1,0
0.0,1.0,1.0,0,28460.0,1,0
0.0,1.0,1.0,0,9111.0,1,0
0.0,1.0,1.0,0,39043.0,1,0
0.0,1.0,1.0,0,6082.0,1,0
0.0,1.0,1.0,0,5149.0,1,0
0.0,1.0,1.0,0,16899.0,1,0
0.0,1.0,1.0,0,8464.0,1,0
0.0,1.0,1.0,0,45987.0,1,0
0.0,1.0,1.0,0,19429.0,1,0
0.0,1.0,1.0,0,557.0,1,0
1.0,1.0,1.0,0,10003.0,1,0
1.0,1.0,1.0,0,27737.0,1,0
0.0,1.0,1.0,0,43698.0,1,0
0.0,1.0,1.0,0,4668.0,1,0
0.0,1.0,1.0,0,630.0,1,0
0.0,1.0,1.0,0,26585.0,1,0
0.0,2.0,2.0,0,12.0,0,1
0.0,1.0,1.0,0,42781.0,1,0
0.0,1.0,1.0,0,6497.0,1,0
0.0,1.0,1.0,0,86794.0,1,0
0.0,1.0,1.0,0,40570.0,1,0
0.0,1.0,1.0,0,104686.0,1,0
0.0,1.0,1.0,0,10511.0,1,0
0.0,1.0,1.0,0,29898.0,1,0
0.0,1.0,1.0,0,15183.0,1,0
0.0,1.0,1.0,0,29949.0,1,0
0.0,1.0,1.0,0,2658.0,1,0
0.0,1.0,1.0,0,5584.0,1,0
0.0,1.0,1.0,0,62244.0,1,0
0.0,1.0,1.0,0,4002.0,1,0
0.0,1.0,1.0,0,106630.0,1,0
0.0,1.0,1.0,0,29711.0,1,0
0.0,1.0,1.0,0,18197.0,1,0
0.0,1.0,1.0,0,26949.0,1,0
0.0,1.0,1.0,0,21326.0,1,0
0.0,1.0,1.0,0,27188.0,1,0
0.0,1.0,1.0,0,14012.0,1,0
0.0,1.0,1.0,0,40228.0,1,0
0.0,1.0,1.0,0,40254.0,1,0
0.0,1.0,1.0,0,8248.0,1,0
0.0,1.0,1.0,0,17755.0,1,0
0.0,1.0,1.0,0,35704.0,1,0
1.0,1.0,1.0,0,8392.0,1,0
0.0,1.0,1.0,0,96290.0,1,0
0.0,1.0,1.0,0,21534.0,1,0
0.0,1.0,1.0,0,123156.0,1,0
0.0,1.0,1.0,0,13232.0,1,0
0.0,1.0,1.0,0,32408.0,1,0
1.0,1.0,1.0,0,691.0,1,0
0.0,1.0,1.0,0,23467.0,1,0
0.0,1.0,1.0,0,47088.0,1,0
1.0,1.0,1.0,0,50909.0,1,0
0.0,1.0,1.0,0,9397.0,1,0
0.0,1.0,1.0,0,94928.0,1,0
1.0,1.0,1.0,0,16120.0,1,0
0.0,1.0,1.0,0,10762.0,1,0
0.0,1.0,1.0,0,6384.0,1,0
1.0,1.0,1.0,0,46806.0,1,0
0.0,1.0,1.0,0,20824.0,1,0
0.0,1.0,1.0,0,929.0,1,0
0.0,1.0,1.0,0,84841.0,1,0
0.0,1.0,1.0,0,102357.0,1,0
0.0,1.0,1.0,0,37239.0,1,0
0.0,1.0,1.0,0,33036.0,1,0
0.0,1.0,1.0,0,28723.0,1,0
0.0,1.0,1.0,0,9577.0,1,0
0.0,1.0,1.0,0,39218.0,1,0
0.0,1.0,1.0,0,48958.0,1,0
0.0,1.0,1.0,0,24904.0,1,0
0.0,1.0,1.0,0,18895.0,1,0
0.0,1.0,1.0,0,54926.0,1,0
0.0,1.0,1.0,0,80391.0,1,0
0.0,1.0,1.0,0,5081.0,1,0
0.0,1.0,1.0,0,5515.0,1,0
0.0,1.0,1.0,0,21673.0,1,0
0.0,1.0,1.0,0,19836.0,1,0
0.0,1.0,1.0,0,3452.0,1,0
0.0,1.0,1.0,0,33174.0,1,0
0.0,1.0,1.0,0,24567.0,1,0
0.0,1.0,1.0,0,87419.0,1,0
0.0,1.0,1.0,0,16313.0,1,0
0.0,1.0,1.0,0,306.0,1,0
0.0,1.0,1.0,0,49014.0,1,0
0.0,1.0,1.0,0,88799.0,1,0
0.0,1.0,1.0,0,8625.0,1,0
0.0,1.0,1.0,0,5851.0,1,0
0.0,1.0,1.0,0,17458.0,1,0
0.0,1.0,1.0,0,17867.0,1,0
1.0,1.0,1.0,0,5751.0,1,0
0.0,1.0,1.0,0,6615.0,1,0
0.0,1.0,1.0,0,21536.0,1,0
0.0,1.0,1.0,0,1543.0,1,0
0.0,1.0,1.0,0,39123.0,1,0
0.0,1.0,1.0,0,8623.0,1,0
0.0,1.0,1.0,0,61269.0,1,0
0.0,1.0,1.0,0,12850.0,1,0
0.0,1.0,1.0,0,19136.0,1,0
0.0,1.0,1.0,0,62764.0,1,0
0.0,1.0,1.0,0,76573.0,1,0
0.0,1.0,1.0,0,9787.0,1,0
0.0,1.0,1.0,0,10095.0,1,0
0.0,1.0,1.0,0,57645.0,1,0
0.0,1.0,1.0,0,4358.0,1,0
0.0,1.0,1.0,0,2429.0,1,0
0.0,1.0,1.0,0,35803.0,1,0
0.0,1.0,1.0,0,21545.0,1,0
0.0,1.0,1.0,0,16122.0,1,0
0.0,1.0,1.0,0,47095.0,1,0
0.0,1.0,1.0,0,1127.0,1,0
0.0,1.0,1.0,0,57161.0,1,0
1.0,1.0,1.0,0,10236.0,1,0
0.0,1.0,1.0,0,66572.0,1,0
0.0,1.0,1.0,0,79493.0,1,0
0.0,1.0,1.0,0,128522.0,1,0
0.0,1.0,1.0,0,1680.0,1,0
0.0,1.0,1.0,0,19195.0,1,0
0.0,1.0,1.0,0,35415.0,1,0
0.0,1.0,1.0,0,2996.0,1,0
0.0,1.0,1.0,0,608.0,1,0
0.0,1.0,1.0,0,15797.0,1,0
0.0,1.0,1.0,0,2371.0,1,0
0.0,1.0,1.0,0,9321.0,1,0
0.0,1.0,1.0,0,8865.0,1,0
0.0,1.0,1.0,0,26939.0,1,0
0.0,1.0,1.0,0,36266.0,1,0
0.0,1.0,1.0,0,26572.0,1,0
0.0,1.0,1.0,0,87470.0,1,0
0.0,1.0,1.0,0,10634.0,1,0
0.0,1.0,1.0,0,3892.0,1,0
0.0,1.0,1.0,0,49277.0,1,0
0.0,1.0,1.0,0,42410.0,1,0
0.0,1.0,1.0,0,65909.0,1,0
0.0,1.0,1.0,0,5611.0,1,0
0.0,1.0,1.0,0,30711.0,1,0
0.0,1.0,1.0,0,24854.0,1,0
0.0,1.0,1.0,0,50669.0,1,0
0.0,1.0,1.0,0,5787.0,1,0
0.0,1.0,1.0,0,98002.0,1,0
1.0,1.0,1.0,0,27995.0,1,0
1.0,1.0,1.0,0,3537.0,1,0
0.0,1.0,1.0,0,35770.0,1,0
0.0,1.0,1.0,0,29151.0,1,0
0.0,1.0,1.0,0,3726.0,1,0
0.0,1.0,1.0,0,31103.0,1,0
0.0,1.0,1.0,0,33966.0,1,0
0.0,1.0,1.0,0,4440.0,1,0
0.0,1.0,1.0,0,65944.0,1,0
0.0,1.0,1.0,0,2761.0,1,0
0.0,1.0,1.0,0,9479.0,1,0
1.0,1.0,1.0,0,367.0,1,0
0.0,1.0,1.0,0,9701.0,1,0
0.0,1.0,1.0,0,2607.0,1,0
0.0,1.0,1.0,0,17954.0,1,0
0.0,1.0,1.0,0,3640.0,1,0
0.0,1.0,1.0,0,77554.0,1,0
1.0,1.0,1.0,0,16270.0,1,0
0.0,1.0,1.0,0,36740.0,1,0
0.0,1.0,1.0,0,72307.0,1,0
0.0,1.0,1.0,0,2542.0,1,0
0.0,1.0,1.0,0,58026.0,1,0
0.0,1.0,1.0,0,12554.0,1,0
1.0,1.0,1.0,0,8077.0,1,0
0.0,1.0,1.0,0,9011.0,1,0
0.0,1.0,1.0,0,119400.0,1,0
0.0,1.0,1.0,0,57668.0,1,0
0.0,1.0,1.0,0,577.0,1,0
1.0,1.0,1.0,0,6115.0,1,0
0.0,1.0,1.0,0,28295.0,1,0
0.0,2.0,2.0,0,8.0,0,1
0.0,1.0,1.0,0,60699.0,1,0
0.0,1.0,1.0,0,135811.0,1,0
0.0,1.0,1.0,0,10709.0,1,0
0.0,1.0,1.0,0,23224.0,1,0
0.0,1.0,1.0,0,74799.0,1,0
0.0,1.0,1.0,0,81469.0,1,0
0.0,1.0,1.0,0,17179.0,1,0
0.0,1.0,1.0,0,76309.0,1,0
0.0,1.0,1.0,0,86973.0,1,0
0.0,1.0,1.0,0,61825.0,1,0
0.0,1.0,1.0,0,32744.0,1,0
0.0,1.0,2.0,0,27.0,1,0
0.0,1.0,1.0,0,50247.0,1,0
0.0,1.0,1.0,0,65518.0,1,0
0.0,1.0,1.0,0,5344.0,1,0
0.0,1.0,1.0,0,47646.0,1,0
0.0,1.0,1.0,0,1356.0,1,0
0.0,1.0,1.0,0,25273.0,1,0
0.0,1.0,1.0,0,46589.0,1,0
1.0,1.0,1.0,0,29480.0,1,0
0.0,1.0,1.0,0,42671.0,1,0
0.0,1.0,1.0,0,13855.0,1,0
0.0,1.0,1.0,0,1967.0,1,0
0.0,1.0,1.0,0,16376.0,1,0
0.0,1.0,1.0,0,527.0,1,0
0.0,1.0,1.0,0,845.0,1,0
0.0,2.0,1.0,0,296.0,1,0
0.0,2.0,1.0,0,223.0,1,0
0.0,1.0,1.0,0,479.0,1,0
0.0,1.0,1.0,0,856.0,1,0
0.0,1.0,1.0,0,91243.0,1,0
0.0,1.0,1.0,0,2211.0,1,0
0.0,1.0,1.0,0,52139.0,1,0
0.0,1.0,1.0,0,22306.0,1,0
0.0,2.0,1.0,0,262.0,1,0
0.0,1.0,1.0,0,356.0,1,0
0.0,2.0,1.0,0,241.0,1,0
0.0,1.0,1.0,0,425.0,1,0
0.0,1.0,1.0,0,844.0,1,0
0.0,1.0,1.0,0,604.0,1,0
0.0,2.0,2.0,0,46.0,1,0
0.0,1.0,1.0,0,55086.0,1,0
0.0,1.0,1.0,0,67861.0,1,0
1.0,1.0,1.0,0,49384.0,1,0
0.0,1.0,1.0,0,24014.0,1,0
0.0,1.0,1.0,0,2183.0,1,0
0.0,1.0,1.0,0,89319.0,1,0
0.0,1.0,1.0,0,17477.0,1,0
0.0,1.0,1.0,0,13548.0,1,0
0.0,1.0,1.0,0,18725.0,1,0
1.0,1.0,1.0,0,76980.0,1,0
0.0,1.0,1.0,0,23220.0,1,0
0.0,1.0,1.0,0,50936.0,1,0
0.0,1.0,1.0,0,10787.0,1,0
0.0,1.0,1.0,0,1246.0,1,0
0.0,1.0,1.0,0,53819.0,1,0
0.0,1.0,1.0,0,46192.0,1,0
0.0,1.0,1.0,0,10008.0,1,0
0.0,1.0,1.0,0,34255.0,1,0
0.0,2.0,1.0,0,95.0,1,0
0.0,1.0,1.0,0,14271.0,1,0
0.0,1.0,1.0,0,18224.0,1,0
0.0,1.0,1.0,0,5124.0,1,0
0.0,1.0,1.0,0,29579.0,1,0
0.0,1.0,1.0,0,33123.0,1,0
0.0,1.0,1.0,0,10962.0,1,0
0.0,1.0,1.0,0,77188.0,1,0
1.0,1.0,1.0,0,6416.0,1,0
0.0,1.0,1.0,0,21269.0,1,0
0.0,1.0,1.0,0,23657.0,1,0
0.0,1.0,1.0,0,18949.0,1,0
0.0,1.0,1.0,0,11136.0,1,0
0.0,1.0,1.0,0,14580.0,1,0
0.0,1.0,1.0,0,22651.0,1,0
0.0,1.0,1.0,0,1157.0,1,0
0.0,1.0,1.0,0,2960.0,1,0
0.0,1.0,1.0,0,46604.0,1,0
0.0,1.0,1.0,0,43618.0,1,0
0.0,1.0,1.0,0,40431.0,1,0
0.0,1.0,1.0,0,17209.0,1,0
0.0,1.0,1.0,0,39450.0,1,0
0.0,1.0,1.0,0,24237.0,1,0
0.0,1.0,1.0,0,23037.0,1,0
0.0,1.0,1.0,0,15155.0,1,0
0.0,1.0,1.0,0,24440.0,1,0
0.0,1.0,1.0,0,5957.0,1,0
0.0,1.0,1.0,0,24731.0,1,0
1.0,1.0,1.0,0,3418.0,1,0
0.0,1.0,1.0,0,14526.0,1,0
0.0,1.0,1.0,0,80208.0,1,0
1.0,1.0,1.0,0,54923.0,1,0
0.0,1.0,1.0,0,170721.0,1,0
0.0,1.0,1.0,0,1841.0,1,0
0.0,1.0,1.0,0,17827.0,1,0
0.0,1.0,1.0,0,126541.0,1,0
0.0,1.0,1.0,0,42312.0,1,0
1.0,1.0,1.0,0,9598.0,1,0
0.0,1.0,1.0,0,21912.0,1,0
0.0,1.0,1.0,0,38258.0,1,0
0.0,1.0,1.0,0,137699.0,1,0
0.0,1.0,1.0,0,12230.0,1,0
1.0,1.0,1.0,0,29184.0,1,0
0.0,1.0,1.0,0,20422.0,1,0
0.0,1.0,1.0,0,1542.0,1,0
0.0,1.0,1.0,0,7838.0,1,0
0.0,1.0,1.0,0,79296.0,1,0
0.0,1.0,1.0,0,18555.0,1,0
0.0,1.0,1.0,0,428.0,1,0
0.0,1.0,1.0,0,42563.0,1,0
0.0,1.0,1.0,0,1107.0,1,0
0.0,1.0,1.0,0,35193.0,1,0
0.0,1.0,1.0,0,74156.0,1,0
1.0,1.0,1.0,0,25161.0,1,0
0.0,1.0,1.0,0,20998.0,1,0
0.0,2.0,1.0,0,171.0,1,0
0.0,1.0,1.0,0,48663.0,1,0
0.0,1.0,1.0,0,27205.0,1,0
0.0,1.0,1.0,0,60161.0,1,0
0.0,1.0,1.0,0,7161.0,1,0
0.0,1.0,1.0,0,10164.0,1,0
0.0,1.0,1.0,0,7146.0,1,0
0.0,1.0,1.0,0,5607.0,1,0
0.0,1.0,1.0,0,37377.0,1,0
0.0,1.0,1.0,0,24538.0,1,0
1.0,1.0,1.0,0,25147.0,1,0
0.0,1.0,1.0,0,10064.0,1,0
1.0,1.0,1.0,0,87143.0,1,0
0.0,1.0,1.0,0,12010.0,1,0
0.0,1.0,1.0,0,4422.0,1,0
0.0,1.0,1.0,0,37258.0,1,0
0.0,1.0,1.0,0,1736.0,1,0
0.0,1.0,1.0,0,39243.0,1,0
0.0,1.0,1.0,0,23893.0,1,0
0.0,1.0,1.0,0,55497.0,1,0
1.0,1.0,1.0,0,30306.0,1,0
0.0,1.0,1.0,0,29624.0,1,0
0.0,1.0,1.0,0,13811.0,1,0
0.0,1.0,1.0,0,30413.0,1,0
0.0,1.0,1.0,0,128195.0,1,0
0.0,1.0,1.0,0,80645.0,1,0
0.0,1.0,1.0,0,17727.0,1,0
0.0,1.0,1.0,0,540.0,1,0
0.0,1.0,1.0,0,3566.0,1,0
0.0,1.0,1.0,0,79641.0,1,0
0.0,1.0,1.0,0,2802.0,1,0
0.0,1.0,1.0,0,68367.0,1,0
0.0,1.0,1.0,0,11441.0,1,0
0.0,1.0,1.0,0,12222.0,1,0
0.0,1.0,1.0,0,23562.0,1,0
0.0,1.0,1.0,0,11888.0,1,0
0.0,1.0,1.0,0,23640.0,1,0
0.0,1.0,1.0,0,64544.0,1,0
0.0,1.0,1.0,0,47008.0,1,0
0.0,1.0,1.0,0,15411.0,1,0
0.0,1.0,1.0,0,28982.0,1,0
0.0,1.0,1.0,0,82168.0,1,0
0.0,1.0,1.0,0,82473.0,1,0
0.0,2.0,2.0,0,12.0,0,1
0.0,1.0,1.0,0,665.0,1,0
0.0,1.0,1.0,0,49358.0,1,0
0.0,1.0,1.0,0,37090.0,1,0
0.0,1.0,1.0,0,1421.0,1,0
0.0,1.0,1.0,0,29494.0,1,0
0.0,1.0,1.0,0,23709.0,1,0
0.0,1.0,1.0,0,29698.0,1,0
1.0,1.0,1.0,0,11315.0,1,0
0.0,1.0,1.0,0,16758.0,1,0
0.0,1.0,1.0,0,42363.0,1,0
0.0,1.0,1.0,0,16240.0,1,0
0.0,1.0,1.0,0,20525.0,1,0
1.0,1.0,1.0,0,30658.0,1,0
0.0,1.0,1.0,0,78673.0,1,0
0.0,1.0,1.0,0,21044.0,1,0
0.0,1.0,1.0,0,6052.0,1,0
0.0,1.0,1.0,0,35026.0,1,0
0.0,1.0,1.0,0,34009.0,1,0
0.0,1.0,1.0,0,7073.0,1,0
0.0,1.0,1.0,0,55664.0,1,0
1.0,1.0,1.0,0,1673.0,1,0
0.0,1.0,1.0,0,14478.0,1,0
0.0,1.0,1.0,0,8666.0,1,0
1.0,1.0,1.0,0,22790.0,1,0
0.0,1.0,1.0,0,5735.0,1,0
0.0,1.0,1.0,0,3731.0,1,0
0.0,1.0,1.0,0,8907.0,1,0
0.0,1.0,1.0,0,12736.0,1,0
0.0,1.0,1.0,0,25923.0,1,0
0.0,1.0,1.0,0,118058.0,1,0
0.0,1.0,1.0,0,63371.0,1,0
0.0,1.0,1.0,0,182379.0,1,0
0.0,1.0,1.0,0,26021.0,1,0
1.0,1.0,1.0,0,18129.0,1,0
0.0,1.0,1.0,0,13998.0,1,0
0.0,1.0,1.0,0,44582.0,1,0
0.0,1.0,1.0,0,14368.0,1,0
0.0,1.0,1.0,0,20691.0,1,0
0.0,1.0,1.0,0,12304.0,1,0
0.0,1.0,1.0,0,84112.0,1,0
0.0,1.0,1.0,0,38408.0,1,0
0.0,1.0,1.0,0,9012.0,1,0
0.0,1.0,1.0,0,11792.0,1,0
0.0,1.0,1.0,0,14773.0,1,0
0.0,1.0,1.0,0,9972.0,1,0
0.0,1.0,1.0,0,8721.0,1,0
1.0,1.0,1.0,0,58038.0,1,0
0.0,1.0,1.0,0,25787.0,1,0
0.0,1.0,1.0,0,36036.0,1,0
0.0,1.0,1.0,0,27109.0,1,0
0.0,1.0,1.0,0,599.0,1,0
1.0,1.0,1.0,0,13986.0,1,0
0.0,1.0,1.0,0,80571.0,1,0
0.0,1.0,1.0,0,35382.0,1,0
0.0,1.0,1.0,0,3342.0,1,0
0.0,1.0,1.0,0,74881.0,1,0
0.0,1.0,1.0,0,93416.0,1,0
0.0,1.0,1.0,0,109814.0,1,0
0.0,1.0,1.0,0,8313.0,1,0
0.0,1.0,1.0,0,36585.0,1,0
1.0,1.0,1.0,0,30825.0,1,0
0.0,1.0,1.0,0,45967.0,1,0
0.0,1.0,1.0,0,119416.0,1,0
0.0,1.0,1.0,0,22711.0,1,0
1.0,1.0,1.0,0,16334.0,1,0
0.0,1.0,1.0,0,29351.0,1,0
0.0,1.0,1.0,0,17868.0,1,0
0.0,1.0,1.0,0,3523.0,1,0
0.0,1.0,1.0,0,33603.0,1,0
0.0,1.0,1.0,0,10803.0,1,0
0.0,1.0,1.0,0,50970.0,1,0
1.0,1.0,1.0,0,24712.0,1,0
1.0,1.0,1.0,0,2741.0,1,0
0.0,1.0,1.0,0,92414.0,1,0
0.0,1.0,1.0,0,3001.0,1,0
0.0,1.0,1.0,0,29649.0,1,0
1.0,1.0,1.0,0,61889.0,1,0
0.0,1.0,1.0,0,48563.0,1,0
0.0,1.0,1.0,0,30029.0,1,0
0.0,1.0,1.0,0,28043.0,1,0
0.0,1.0,1.0,0,230198.0,1,0
0.0,1.0,1.0,0,11264.0,1,0
1.0,1.0,1.0,0,117090.0,1,0
1.0,1.0,1.0,0,60688.0,1,0
1.0,1.0,1.0,0,12406.0,1,0
0.0,1.0,1.0,0,9085.0,1,0
0.0,1.0,1.0,0,39884.0,1,0
0.0,1.0,1.0,0,2316.0,1,0
0.0,1.0,1.0,0,43709.0,1,0
0.0,1.0,1.0,0,24043.0,1,0
0.0,1.0,1.0,0,81369.0,1,0
0.0,1.0,1.0,0,45486.0,1,0
0.0,1.0,1.0,0,37419.0,1,0
0.0,1.0,1.0,0,14163.0,1,0
1.0,1.0,1.0,0,392.0,1,0
1.0,1.0,1.0,0,18416.0,1,0
0.0,1.0,1.0,0,11446.0,1,0
0.0,1.0,1.0,0,81036.0,1,0
1.0,1.0,1.0,0,64015.0,1,0
0.0,1.0,1.0,0,24273.0,1,0
0.0,1.0,1.0,0,27304.0,1,0
1.0,1.0,1.0,0,10392.0,1,0
0.0,1.0,1.0,0,41840.0,1,0
1.0,1.0,1.0,0,33551.0,1,0
0.0,1.0,1.0,0,22547.0,1,0
0.0,1.0,1.0,0,546.0,1,0
0.0,1.0,1.0,0,14372.0,1,0
0.0,1.0,1.0,0,82891.0,1,0
0.0,1.0,1.0,0,85867.0,1,0
0.0,1.0,1.0,0,919.0,1,0
0.0,1.0,1.0,0,53620.0,1,0
0.0,1.0,1.0,0,1487.0,1,0
0.0,1.0,1.0,0,5446.0,1,0
0.0,1.0,1.0,0,25966.0,1,0
0.0,1.0,1.0,0,22542.0,1,0
0.0,1.0,1.0,0,12300.0,1,0
0.0,1.0,1.0,0,15948.0,1,0
0.0,1.0,1.0,0,27171.0,1,0
0.0,1.0,1.0,0,83273.0,1,0
1.0,1.0,1.0,0,14233.0,1,0
1.0,1.0,1.0,0,16830.0,1,0
0.0,1.0,1.0,0,31121.0,1,0
0.0,1.0,1.0,0,90644.0,1,0
0.0,1.0,1.0,0,10176.0,1,0
0.0,1.0,1.0,0,19869.0,1,0
0.0,1.0,1.0,0,118605.0,1,0
1.0,1.0,1.0,0,44960.0,1,0
1.0,1.0,1.0,0,63006.0,1,0
1.0,1.0,1.0,0,39932.0,1,0
0.0,1.0,1.0,0,70464.0,1,0
0.0,1.0,1.0,0,76094.0,1,0
0.0,1.0,1.0,0,12510.0,1,0
0.0,1.0,1.0,0,3105.0,1,0
0.0,1.0,1.0,0,29392.0,1,0
1.0,1.0,1.0,0,43143.0,1,0
0.0,1.0,1.0,0,13961.0,1,0
0.0,1.0,1.0,0,4642.0,1,0
0.0,1.0,1.0,0,901.0,1,0
1.0,1.0,1.0,0,9612.0,1,0
0.0,1.0,1.0,0,14668.0,1,0
0.0,1.0,1.0,0,51914.0,1,0
1.0,1.0,1.0,0,70584.0,1,0
0.0,1.0,1.0,0,32997.0,1,0
0.0,1.0,1.0,0,29089.0,1,0
0.0,1.0,1.0,0,24744.0,1,0
1.0,1.0,1.0,0,31772.0,1,0
0.0,1.0,1.0,0,111336.0,1,0
0.0,1.0,1.0,0,23905.0,1,0
1.0,1.0,1.0,0,21159.0,1,0
0.0,1.0,1.0,0,89267.0,1,0
1.0,1.0,1.0,0,41724.0,1,0
1.0,1.0,1.0,0,78002.0,1,0
1.0,1.0,1.0,0,29048.0,1,0
1.0,1.0,1.0,0,165594.0,1,0
1.0,1.0,1.0,0,566.0,1,0
0.0,1.0,1.0,0,109697.0,1,0
0.0,1.0,1.0,0,34708.0,1,0
0.0,1.0,1.0,0,10139.0,1,0
0.0,1.0,1.0,0,25094.0,1,0
1.0,1.0,1.0,0,6113.0,1,0
1.0,1.0,1.0,0,17842.0,1,0
0.0,1.0,1.0,0,55974.0,1,0
1.0,1.0,1.0,0,14847.0,1,0
0.0,1.0,1.0,0,47326.0,1,0
0.0,1.0,1.0,0,39670.0,1,0
1.0,1.0,1.0,0,59756.0,1,0
0.0,1.0,1.0,0,2447.0,1,0
0.0,1.0,1.0,0,93011.0,1,0
0.0,1.0,1.0,0,7175.0,1,0
0.0,1.0,1.0,0,2614.0,1,0
1.0,1.0,1.0,0,30564.0,1,0
1.0,1.0,1.0,0,66329.0,1,0
0.0,1.0,1.0,0,78158.0,1,0
0.0,1.0,1.0,0,18938.0,1,0
0.0,1.0,1.0,0,64705.0,1,0
0.0,1.0,1.0,0,383.0,1,0
0.0,1.0,1.0,0,36264.0,1,0
0.0,1.0,1.0,0,18136.0,1,0
1.0,1.0,1.0,0,24221.0,1,0
0.0,1.0,1.0,0,23643.0,1,0
0.0,1.0,1.0,0,69967.0,1,0
0.0,1.0,1.0,0,36526.0,1,0
0.0,1.0,1.0,0,140612.0,1,0
0.0,1.0,1.0,0,12941.0,1,0
0.0,1.0,1.0,0,42046.0,1,0
0.0,1.0,1.0,0,38326.0,1,0
0.0,1.0,1.0,0,18682.0,1,0
0.0,1.0,1.0,0,10048.0,1,0
0.0,1.0,1.0,0,56126.0,1,0
0.0,1.0,1.0,0,27689.0,1,0
0.0,1.0,1.0,0,16400.0,1,0
0.0,1.0,1.0,0,28715.0,1,0
1.0,1.0,1.0,0,141406.0,1,0
1.0,1.0,1.0,0,38691.0,1,0
0.0,1.0,1.0,0,11398.0,1,0
0.0,1.0,1.0,0,13679.0,1,0
0.0,1.0,1.0,0,51435.0,1,0
0.0,1.0,1.0,0,27085.0,1,0
0.0,1.0,1.0,0,2402.0,1,0
0.0,1.0,1.0,0,986.0,1,0
0.0,1.0,1.0,0,24483.0,1,0
0.0,1.0,1.0,0,90965.0,1,0
0.0,1.0,1.0,0,47657.0,1,0
1.0,1.0,1.0,0,61724.0,1,0
0.0,1.0,1.0,0,13467.0,1,0
0.0,1.0,1.0,0,11477.0,1,0
0.0,1.0,1.0,0,34106.0,1,0
0.0,1.0,1.0,0,9318.0,1,0
1.0,1.0,1.0,0,29513.0,1,0
0.0,1.0,1.0,0,17247.0,1,0
0.0,1.0,1.0,0,70579.0,1,0
0.0,1.0,1.0,0,15800.0,1,0
0.0,1.0,1.0,0,6358.0,1,0
1.0,1.0,1.0,0,20363.0,1,0
0.0,1.0,1.0,0,36943.0,1,0
0.0,1.0,1.0,0,57301.0,1,0
0.0,1.0,1.0,0,1830.0,1,0
0.0,1.0,1.0,0,80185.0,1,0
1.0,1.0,1.0,0,1497.0,1,0
0.0,1.0,1.0,0,38635.0,1,0
0.0,1.0,1.0,0,73509.0,1,0
0.0,1.0,1.0,0,25717.0,1,0
1.0,1.0,1.0,0,180675.0,1,0
1.0,1.0,1.0,0,3722.0,1,0
0.0,1.0,1.0,0,146649.0,1,0
1.0,1.0,1.0,0,22923.0,1,0
0.0,1.0,1.0,0,4087.0,1,0
0.0,1.0,1.0,0,44623.0,1,0
0.0,1.0,1.0,0,84255.0,1,0
0.0,1.0,1.0,0,61299.0,1,0
0.0,1.0,1.0,0,164994.0,1,0
0.0,1.0,1.0,0,104689.0,1,0
0.0,1.0,1.0,0,30453.0,1,0
0.0,1.0,1.0,0,34713.0,1,0
0.0,1.0,1.0,0,42903.0,1,0
0.0,1.0,1.0,0,38556.0,1,0
0.0,1.0,1.0,0,231495.0,1,0
1.0,1.0,1.0,0,2624.0,1,0
1.0,1.0,1.0,0,75702.0,1,0
1.0,1.0,1.0,0,23561.0,1,0
0.0,1.0,1.0,0,77127.0,1,0
0.0,1.0,1.0,0,5824.0,1,0
0.0,1.0,1.0,0,23001.0,1,0
1.0,1.0,1.0,0,4073.0,1,0
1.0,1.0,1.0,0,16100.0,1,0
1.0,1.0,1.0,0,4575.0,1,0
0.0,1.0,1.0,0,25595.0,1,0
0.0,1.0,1.0,0,15115.0,1,0
0.0,1.0,1.0,0,7559.0,1,0
1.0,1.0,1.0,0,71782.0,1,0
1.0,1.0,1.0,0,54867.0,1,0
1.0,1.0,1.0,0,113338.0,1,0
1.0,1.0,1.0,0,12572.0,1,0
0.0,1.0,1.0,0,29337.0,1,0
1.0,1.0,1.0,0,28291.0,1,0
0.0,1.0,1.0,0,5889.0,1,0
1.0,1.0,1.0,0,43822.0,1,0
0.0,1.0,1.0,0,8401.0,1,0
1.0,1.0,1.0,0,73705.0,1,0
1.0,1.0,1.0,0,102764.0,1,0
1.0,1.0,1.0,0,19177.0,1,0
0.0,1.0,1.0,0,2987.0,1,0
0.0,1.0,1.0,0,71066.0,1,0
0.0,1.0,1.0,0,62467.0,1,0
0.0,1.0,1.0,0,104235.0,1,0
0.0,1.0,1.0,0,64628.0,1,0
0.0,1.0,1.0,0,49253.0,1,0
0.0,1.0,1.0,0,42317.0,1,0
0.0,1.0,1.0,0,25591.0,1,0
0.0,1.0,1.0,0,90757.0,1,0
0.0,1.0,1.0,0,13629.0,1,0
1.0,1.0,1.0,0,13519.0,1,0
0.0,1.0,1.0,0,18486.0,1,0
0.0,1.0,1.0,0,87754.0,1,0
0.0,1.0,1.0,0,72526.0,1,0
1.0,1.0,1.0,0,24176.0,1,0
0.0,1.0,1.0,0,8727.0,1,0
0.0,1.0,1.0,0,18188.0,1,0
0.0,1.0,1.0,0,25854.0,1,0
0.0,1.0,1.0,0,17941.0,1,0
0.0,1.0,1.0,0,8595.0,1,0
0.0,1.0,1.0,0,17561.0,1,0
0.0,1.0,1.0,0,46127.0,1,0
1.0,1.0,1.0,0,2952.0,1,0
0.0,1.0,1.0,0,39771.0,1,0
0.0,1.0,1.0,0,5001.0,1,0
0.0,1.0,1.0,0,3750.0,1,0
0.0,1.0,1.0,0,4792.0,1,0
0.0,1.0,1.0,0,64131.0,1,0
0.0,1.0,1.0,0,51193.0,1,0
0.0,1.0,1.0,0,20269.0,1,0
0.0,1.0,1.0,0,171821.0,1,0
0.0,1.0,1.0,0,50107.0,1,0
0.0,1.0,1.0,0,124812.0,1,0
1.0,1.0,1.0,0,29547.0,1,0
0.0,1.0,1.0,0,12214.0,1,0
1.0,1.0,1.0,0,55909.0,1,0
1.0,1.0,1.0,0,92782.0,1,0
0.0,1.0,1.0,0,8149.0,1,0
0.0,1.0,1.0,0,3595.0,1,0
0.0,1.0,1.0,0,65805.0,1,0
0.0,1.0,1.0,0,9962.0,1,0
0.0,1.0,1.0,0,8421.0,1,0
0.0,1.0,1.0,0,6039.0,1,0
0.0,1.0,1.0,0,13018.0,1,0
0.0,1.0,1.0,0,20447.0,1,0
1.0,1.0,1.0,0,18209.0,1,0
0.0,1.0,1.0,0,170891.0,1,0
1.0,1.0,1.0,0,4229.0,1,0
1.0,1.0,1.0,0,69942.0,1,0
0.0,1.0,1.0,0,12862.0,1,0
0.0,1.0,1.0,0,51197.0,1,0
0.0,1.0,1.0,0,36317.0,1,0
0.0,1.0,1.0,0,20619.0,1,0
0.0,1.0,1.0,0,41450.0,1,0
0.0,1.0,1.0,0,3409.0,1,0
1.0,1.0,1.0,0,21501.0,1,0
0.0,1.0,1.0,0,6529.0,1,0
0.0,1.0,1.0,0,31201.0,1,0
1.0,1.0,1.0,0,16633.0,1,0
1.0,1.0,1.0,0,77464.0,1,0
0.0,1.0,1.0,0,64166.0,1,0
0.0,1.0,1.0,0,18145.0,1,0
0.0,1.0,1.0,0,196994.0,1,0
0.0,1.0,1.0,0,55740.0,1,0
1.0,1.0,1.0,0,21979.0,1,0
0.0,1.0,1.0,0,22853.0,1,0
1.0,1.0,1.0,0,76370.0,1,0
0.0,1.0,1.0,0,4622.0,1,0
0.0,1.0,1.0,0,232893.0,1,0
0.0,1.0,1.0,0,82919.0,1,0
0.0,1.0,1.0,0,22790.0,1,0
0.0,1.0,1.0,0,66434.0,1,0
0.0,1.0,1.0,0,59091.0,1,0
0.0,1.0,1.0,0,61804.0,1,0
0.0,1.0,1.0,0,85544.0,1,0
0.0,1.0,1.0,0,1907.0,1,0
0.0,1.0,1.0,0,35925.0,1,0
0.0,1.0,1.0,0,35380.0,1,0
0.0,1.0,1.0,0,22589.0,1,0
0.0,1.0,1.0,0,12023.0,1,0
0.0,1.0,1.0,0,148407.0,1,0
0.0,1.0,1.0,0,4349.0,1,0
0.0,1.0,1.0,0,42511.0,1,0
0.0,1.0,1.0,0,44499.0,1,0
1.0,1.0,1.0,0,49890.0,1,0
1.0,1.0,1.0,0,12990.0,1,0
1.0,1.0,1.0,0,62675.0,1,0
0.0,1.0,1.0,0,43502.0,1,0
0.0,1.0,1.0,0,52241.0,1,0
0.0,1.0,1.0,0,44945.0,1,0
1.0,1.0,1.0,0,66284.0,1,0
0.0,1.0,1.0,0,19464.0,1,0
0.0,1.0,1.0,0,6658.0,1,0
0.0,1.0,1.0,0,37052.0,1,0
1.0,1.0,1.0,0,27387.0,1,0
0.0,1.0,1.0,0,12226.0,1,0
1.0,1.0,1.0,0,24698.0,1,0
0.0,1.0,1.0,0,18376.0,1,0
0.0,1.0,1.0,0,77306.0,1,0
1.0,1.0,1.0,0,67315.0,1,0
1.0,1.0,1.0,0,2529.0,1,0
0.0,1.0,1.0,0,10394.0,1,0
0.0,1.0,1.0,0,152662.0,1,0
0.0,1.0,1.0,0,743.0,1,0
0.0,1.0,1.0,0,49202.0,1,0
0.0,1.0,1.0,0,25097.0,1,0
0.0,1.0,1.0,0,32554.0,1,0
1.0,1.0,1.0,0,134900.0,1,0
0.0,1.0,1.0,0,62466.0,1,0
0.0,1.0,1.0,0,9426.0,1,0
0.0,1.0,1.0,0,36501.0,1,0
0.0,1.0,1.0,0,4745.0,1,0
0.0,1.0,1.0,0,9289.0,1,0
0.0,1.0,1.0,0,64635.0,1,0
0.0,1.0,1.0,0,67606.0,1,0
0.0,1.0,1.0,0,9753.0,1,0
1.0,1.0,1.0,0,98552.0,1,0
0.0,1.0,1.0,0,93380.0,1,0
0.0,1.0,1.0,0,36068.0,1,0
0.0,1.0,1.0,0,3970.0,1,0
0.0,1.0,1.0,0,17284.0,1,0
0.0,1.0,1.0,0,16125.0,1,0
0.0,1.0,1.0,0,32737.0,1,0
0.0,1.0,1.0,0,7161.0,1,0
0.0,1.0,1.0,0,49095.0,1,0
1.0,1.0,1.0,0,14423.0,1,0
0.0,1.0,1.0,0,23115.0,1,0
1.0,1.0,1.0,0,224706.0,1,0
0.0,1.0,1.0,0,5273.0,1,0
0.0,1.0,1.0,0,75975.0,1,0
0.0,1.0,1.0,0,17847.0,1,0
0.0,1.0,1.0,0,20014.0,1,0
0.0,1.0,1.0,0,24672.0,1,0
0.0,1.0,1.0,0,52732.0,1,0
1.0,1.0,1.0,0,166511.0,1,0
0.0,1.0,1.0,0,32223.0,1,0
0.0,1.0,1.0,0,40377.0,1,0
0.0,1.0,1.0,0,21172.0,1,0
0.0,1.0,1.0,0,1619.0,1,0
0.0,1.0,1.0,0,42679.0,1,0
1.0,1.0,1.0,0,23510.0,1,0
0.0,1.0,1.0,0,10957.0,1,0
0.0,1.0,1.0,0,15997.0,1,0
1.0,1.0,1.0,0,95470.0,1,0
0.0,1.0,1.0,0,54494.0,1,0
0.0,1.0,1.0,0,76369.0,1,0
1.0,1.0,1.0,0,70910.0,1,0
1.0,1.0,1.0,0,64229.0,1,0
0.0,1.0,1.0,0,26861.0,1,0
0.0,1.0,1.0,0,70445.0,1,0
0.0,1.0,1.0,0,5108.0,1,0
1.0,1.0,1.0,0,22072.0,1,0
0.0,1.0,1.0,0,36017.0,1,0
0.0,1.0,1.0,0,21227.0,1,0
0.0,1.0,1.0,0,17928.0,1,0
0.0,1.0,1.0,0,18451.0,1,0
0.0,1.0,1.0,0,23069.0,1,0
0.0,1.0,1.0,0,23513.0,1,0
1.0,1.0,1.0,0,23633.0,1,0
0.0,1.0,1.0,0,63801.0,1,0
0.0,1.0,1.0,0,64545.0,1,0
0.0,1.0,1.0,0,8683.0,1,0
1.0,1.0,1.0,0,6055.0,1,0
0.0,1.0,1.0,0,65788.0,1,0
0.0,1.0,1.0,0,9018.0,1,0
0.0,1.0,1.0,0,51979.0,1,0
0.0,1.0,1.0,0,1382.0,1,0
0.0,1.0,1.0,0,5653.0,1,0
0.0,1.0,1.0,0,2454.0,1,0
0.0,1.0,1.0,0,76255.0,1,0
1.0,1.0,1.0,0,47357.0,1,0
0.0,2.0,1.0,0,259.0,1,0
0.0,1.0,1.0,0,42520.0,1,0
0.0,1.0,1.0,0,14583.0,1,0
1.0,1.0,1.0,0,3781.0,1,0
0.0,1.0,1.0,0,25961.0,1,0
0.0,1.0,1.0,0,3259.0,1,0
0.0,1.0,1.0,0,4193.0,1,0
0.0,1.0,1.0,0,55055.0,1,0
1.0,1.0,1.0,0,15907.0,1,0
0.0,1.0,1.0,0,34008.0,1,0
0.0,1.0,1.0,0,29654.0,1,0
0.0,1.0,1.0,0,13532.0,1,0
0.0,1.0,1.0,0,10776.0,1,0
0.0,1.0,1.0,0,5615.0,1,0
0.0,1.0,1.0,0,775.0,1,0
0.0,1.0,1.0,0,17131.0,1,0
0.0,1.0,1.0,0,44187.0,1,0
1.0,1.0,1.0,0,108732.0,1,0
1.0,1.0,1.0,0,6607.0,1,0
1.0,1.0,1.0,0,20449.0,1,0
1.0,1.0,1.0,0,357.0,1,0
1.0,1.0,1.0,0,2216.0,1,0
0.0,1.0,1.0,0,3837.0,1,0
0.0,1.0,1.0,0,24400.0,1,0
1.0,1.0,1.0,0,71470.0,1,0
1.0,1.0,1.0,0,31321.0,1,0
0.0,1.0,1.0,0,15962.0,1,0
0.0,1.0,1.0,0,77473.0,1,0
0.0,1.0,1.0,0,88963.0,1,0
0.0,1.0,1.0,0,61184.0,1,0
0.0,1.0,1.0,0,30391.0,1,0
1.0,1.0,1.0,0,30553.0,1,0
0.0,1.0,1.0,0,6674.0,1,0
0.0,1.0,1.0,0,5513.0,1,0
0.0,1.0,1.0,0,99423.0,1,0
1.0,1.0,1.0,0,17902.0,1,0
0.0,1.0,1.0,0,55964.0,1,0
1.0,1.0,1.0,0,24024.0,1,0
0.0,1.0,1.0,0,24787.0,1,0
0.0,1.0,1.0,0,118313.0,1,0
0.0,1.0,1.0,0,7069.0,1,0
0.0,1.0,1.0,0,6381.0,1,0
1.0,1.0,1.0,0,9042.0,1,0
1.0,1.0,1.0,0,16702.0,1,0
0.0,1.0,1.0,0,9464.0,1,0
0.0,1.0,1.0,0,26216.0,1,0
0.0,1.0,1.0,0,32519.0,1,0
1.0,1.0,1.0,0,3879.0,1,0
1.0,1.0,1.0,0,22794.0,1,0
0.0,1.0,1.0,0,121502.0,1,0
1.0,1.0,1.0,0,52115.0,1,0
0.0,1.0,1.0,0,49585.0,1,0
1.0,1.0,1.0,0,9719.0,1,0
0.0,1.0,1.0,0,13699.0,1,0
1.0,1.0,1.0,0,64110.0,1,0
0.0,1.0,1.0,0,141441.0,1,0
0.0,1.0,1.0,0,9243.0,1,0
0.0,1.0,1.0,0,15967.0,1,0
0.0,1.0,1.0,0,2029.0,1,0
0.0,1.0,1.0,0,31757.0,1,0
0.0,1.0,1.0,0,31519.0,1,0
0.0,1.0,1.0,0,9196.0,1,0
1.0,1.0,1.0,0,8404.0,1,0
1.0,1.0,1.0,0,78033.0,1,0
0.0,1.0,1.0,0,58379.0,1,0
0.0,1.0,1.0,0,55250.0,1,0
0.0,1.0,1.0,0,44380.0,1,0
1.0,1.0,1.0,0,12471.0,1,0
0.0,1.0,1.0,0,31479.0,1,0
0.0,1.0,1.0,0,20064.0,1,0
0.0,1.0,1.0,0,48648.0,1,0
0.0,1.0,1.0,0,3547.0,1,0
0.0,1.0,1.0,0,10504.0,1,0
1.0,1.0,1.0,0,92997.0,1,0
1.0,1.0,1.0,0,50666.0,1,0
0.0,1.0,1.0,0,9172.0,1,0
0.0,1.0,1.0,0,38805.0,1,0
1.0,1.0,1.0,0,14321.0,1,0
0.0,1.0,1.0,0,141346.0,1,0
0.0,1.0,1.0,0,57061.0,1,0
0.0,2.0,2.0,0,10.000008,0,1
0.0,4.0,4.0,0,9.86943,0,1
0.0,5.0,5.0,0,1.294983,0,1
0.0,6.0,6.0,0,14.431996,0,1
0.0,7.0,7.0,0,5.894451,0,1
0.0,8.0,7.0,0,18.994237,0,1
0.0,9.0,8.0,0,0.228704,0,1
0.0,10.0,9.0,0,3.878309,0,1
0.0,11.0,8.0,0,15.272947,0,1
0.0,12.0,7.0,0,5.235676,0,1
0.0,13.0,6.0,0,21.139578,0,1
0.0,14.0,7.0,0,5.155833,0,1
0.0,15.0,8.0,0,1.109247,0,1
0.0,16.0,7.0,0,10.365998,0,1
0.0,17.0,7.0,0,7.074921,0,1
1.0,1.0,1.0,0,3625.0,1,0
0.0,1.0,1.0,0,13819.0,1,0
0.0,1.0,1.0,0,146847.0,1,0
1.0,1.0,1.0,0,5365.0,1,0
0.0,1.0,1.0,0,68921.0,1,0
0.0,1.0,1.0,0,100383.0,1,0
0.0,1.0,1.0,0,139881.0,1,0
0.0,1.0,1.0,0,65287.0,1,0
1.0,1.0,1.0,0,12332.0,1,0
1.0,1.0,1.0,0,81841.0,1,0
0.0,1.0,1.0,0,5020.0,1,0
0.0,1.0,1.0,0,24171.0,1,0
0.0,1.0,1.0,0,3375.0,1,0
1.0,1.0,1.0,0,4864.0,1,0
0.0,1.0,1.0,0,37820.0,1,0
0.0,1.0,1.0,0,27790.0,1,0
0.0,1.0,1.0,0,83435.0,1,0
0.0,1.0,1.0,0,3617.0,1,0
1.0,1.0,1.0,0,82655.0,1,0
0.0,1.0,1.0,0,119843.0,1,0
1.0,1.0,1.0,0,15938.0,1,0
0.0,1.0,1.0,0,24792.0,1,0
0.0,1.0,1.0,0,38742.0,1,0
1.0,1.0,1.0,0,190937.0,1,0
0.0,1.0,1.0,0,26490.0,1,0
0.0,1.0,1.0,0,62652.0,1,0
0.0,1.0,1.0,0,62304.0,1,0
1.0,1.0,1.0,0,22206.0,1,0
0.0,1.0,1.0,0,46848.0,1,0
1.0,1.0,1.0,0,91653.0,1,0
1.0,1.0,1.0,0,7705.0,1,0
1.0,1.0,1.0,0,86038.0,1,0
1.0,1.0,1.0,0,24255.0,1,0
0.0,1.0,1.0,0,73224.0,1,0
0.0,1.0,1.0,0,14270.0,1,0
1.0,1.0,1.0,0,51028.0,1,0
0.0,1.0,1.0,0,36153.0,1,0
1.0,1.0,1.0,0,44336.0,1,0
0.0,1.0,1.0,0,36571.0,1,0
0.0,1.0,1.0,0,98808.0,1,0
0.0,1.0,1.0,0,10374.0,1,0
1.0,1.0,1.0,0,109543.0,1,0
0.0,1.0,1.0,0,4910.0,1,0
0.0,1.0,1.0,0,15327.0,1,0
0.0,1.0,1.0,0,47496.0,1,0
0.0,3.0,3.0,0,13.526307,0,1
0.0,4.0,4.0,0,4.211053,0,1
0.0,5.0,5.0,0,12.616216,0,1
0.0,6.0,6.0,0,1.63844,0,1
0.0,7.0,7.0,0,12.825958,0,1
0.0,8.0,7.0,0,11.552238,0,1
0.0,9.0,7.0,0,8.987024,0,1
0.0,10.0,8.0,0,3.761358,0,1
0.0,11.0,7.0,0,10.257937,0,1
0.0,12.0,8.0,0,4.228325,0,1
0.0,13.0,9.0,0,3.397974,0,1
0.0,14.0,9.0,0,4.174618,0,1
0.0,15.0,9.0,0,4.092187,0,1
0.0,16.0,7.0,0,31.253562,0,1
0.0,19.0,4.0,0,19.269078,0,1
0.0,1.0,1.0,0,60146.0,1,0
0.0,1.0,1.0,0,5861.0,1,0
0.0,1.0,1.0,0,43985.0,1,0
1.0,1.0,1.0,0,38299.0,1,0
1.0,1.0,1.0,0,32543.0,1,0
0.0,1.0,1.0,0,17722.0,1,0
1.0,1.0,1.0,0,101456.0,1,0
0.0,1.0,1.0,0,74054.0,1,0
0.0,1.0,1.0,0,97846.0,1,0
1.0,1.0,1.0,0,21628.0,1,0
0.0,1.0,1.0,0,7606.0,1,0
0.0,1.0,1.0,0,64562.0,1,0
1.0,1.0,1.0,0,25172.0,1,0
1.0,1.0,1.0,0,27328.0,1,0
0.0,1.0,1.0,0,75723.0,1,0
1.0,1.0,1.0,0,25092.0,1,0
1.0,1.0,1.0,0,20396.0,1,0
0.0,1.0,1.0,0,85343.0,1,0
1.0,1.0,1.0,0,161962.0,1,0
1.0,1.0,1.0,0,102853.0,1,0
0.0,1.0,1.0,0,10757.0,1,0
0.0,1.0,1.0,0,17377.0,1,0
0.0,1.0,1.0,0,7875.0,1,0
1.0,1.0,1.0,0,95743.0,1,0
1.0,1.0,1.0,0,11582.0,1,0
0.0,1.0,1.0,0,80406.0,1,0
1.0,1.0,1.0,0,21997.0,1,0
0.0,1.0,1.0,0,36324.0,1,0
1.0,1.0,1.0,0,73355.0,1,0
1.0,1.0,1.0,0,152649.0,1,0
0.0,1.0,1.0,0,114384.0,1,0
1.0,1.0,1.0,0,31781.0,1,0
0.0,1.0,1.0,0,87941.0,1,0
1.0,1.0,1.0,0,4003.0,1,0
1.0,1.0,1.0,0,53453.0,1,0
0.0,2.0,2.0,0,11.096096,0,1
0.0,3.0,3.0,0,8.703588,0,1
0.0,4.0,4.0,0,4.454242,0,1
0.0,5.0,5.0,0,15.801123,0,1
0.0,6.0,6.0,0,11.296742,0,1
0.0,7.0,7.0,0,8.529437,0,1
0.0,8.0,7.0,0,4.243721,0,1
0.0,9.0,7.0,0,15.01309,0,1
0.0,10.0,6.0,0,6.759434,0,1
0.0,11.0,7.0,0,0.576319,0,1
0.0,12.0,7.0,0,14.92414,0,1
0.0,13.0,8.0,0,5.403855,0,1
0.0,14.0,8.0,0,6.893104,0,1
0.0,15.0,9.0,0,2.865474,0,1
0.0,16.0,9.0,0,6.965945,0,1
0.0,17.0,6.0,0,24.836757,0,1
1.0,1.0,1.0,0,8201.0,1,0
0.0,1.0,1.0,0,13794.0,1,0
0.0,1.0,1.0,0,12152.0,1,0
1.0,1.0,1.0,0,2228.0,1,0
0.0,1.0,1.0,0,123889.0,1,0
0.0,2.0,2.0,0,5.889717,1,0
1.0,1.0,1.0,0,46808.0,1,0
0.0,1.0,1.0,0,83890.0,1,0
0.0,1.0,1.0,0,17049.0,1,0
0.0,1.0,1.0,0,10051.0,1,0
0.0,1.0,1.0,0,77046.0,1,0
0.0,1.0,1.0,0,13392.0,1,0
0.0,1.0,1.0,0,162594.0,1,0
1.0,1.0,1.0,0,91805.0,1,0
0.0,1.0,1.0,0,36044.0,1,0
0.0,1.0,1.0,0,252623.0,1,0
0.0,1.0,1.0,0,16717.0,1,0
0.0,1.0,1.0,0,55781.0,1,0
1.0,1.0,1.0,0,108519.0,1,0
1.0,1.0,1.0,0,77672.0,1,0
0.0,1.0,1.0,0,163172.0,1,0
0.0,1.0,1.0,0,15595.0,1,0
0.0,1.0,1.0,0,66615.0,1,0
0.0,1.0,1.0,0,157886.0,1,0
1.0,1.0,1.0,0,8731.0,1,0
0.0,1.0,1.0,0,15616.0,1,0
0.0,1.0,1.0,0,756.0,1,0
0.0,1.0,1.0,0,14426.0,1,0
1.0,1.0,1.0,0,70574.0,1,0
0.0,1.0,1.0,0,119517.0,1,0
0.0,1.0,1.0,0,38510.0,1,0
0.0,1.0,1.0,0,104547.0,1,0
1.0,1.0,1.0,0,33404.0,1,0
0.0,1.0,1.0,0,472.0,1,0
1.0,1.0,1.0,0,31502.0,1,0
0.0,1.0,1.0,0,52176.0,1,0
0.0,1.0,1.0,0,113025.0,1,0
0.0,1.0,1.0,0,487187.938793,0,1
0.0,1.0,1.0,0,44650.0,1,0
0.0,1.0,1.0,0,16628.0,1,0
0.0,1.0,1.0,0,90513.0,1,0
1.0,1.0,1.0,0,7501.0,1,0
0.0,1.0,1.0,0,2902.0,1,0
0.0,1.0,1.0,0,66309.0,1,0
1.0,1.0,1.0,0,14233.0,1,0
0.0,1.0,1.0,0,282641.0,1,0
0.0,1.0,1.0,0,13258.0,1,0
0.0,1.0,1.0,0,45685.0,1,0
0.0,1.0,1.0,0,42890.0,1,0
1.0,1.0,1.0,0,12667.0,1,0
0.0,1.0,1.0,0,49774.0,1,0
0.0,1.0,1.0,0,23033.0,1,0
0.0,1.0,1.0,0,78717.0,1,0
0.0,1.0,1.0,0,120617.0,1,0
0.0,1.0,1.0,0,45458.0,1,0
0.0,1.0,1.0,0,66442.0,1,0
0.0,1.0,1.0,0,27600.0,1,0
0.0,1.0,1.0,0,16956.0,1,0
0.0,1.0,1.0,0,33540.0,1,0
0.0,1.0,1.0,0,324.0,1,0
1.0,1.0,1.0,0,42784.0,1,0
0.0,1.0,1.0,0,3681.0,1,0
1.0,1.0,1.0,0,38844.0,1,0
0.0,1.0,1.0,0,1630.0,1,0
0.0,1.0,1.0,0,5098.0,1,0
0.0,1.0,1.0,0,80571.0,1,0
0.0,1.0,1.0,0,22084.0,1,0
0.0,1.0,1.0,0,2632.0,1,0
0.0,1.0,1.0,0,7856.0,1,0
0.0,1.0,1.0,0,10351.0,1,0
0.0,1.0,1.0,0,27630.0,1,0
0.0,1.0,1.0,0,4542.0,1,0
0.0,1.0,1.0,0,12518.0,1,0
1.0,1.0,1.0,0,10829.0,1,0
0.0,1.0,1.0,0,169255.0,1,0
1.0,1.0,1.0,0,34135.0,1,0
0.0,1.0,1.0,0,72242.0,1,0
0.0,1.0,1.0,0,5983.0,1,0
0.0,1.0,1.0,0,14435.0,1,0
1.0,1.0,1.0,0,19781.0,1,0
0.0,1.0,1.0,0,74706.0,1,0
0.0,1.0,1.0,0,17526.0,1,0
0.0,1.0,1.0,0,2024.0,1,0
0.0,1.0,1.0,0,55148.0,1,0
0.0,1.0,1.0,0,133734.0,1,0
1.0,1.0,1.0,0,29032.0,1,0
0.0,1.0,1.0,0,9499.0,1,0
0.0,1.0,1.0,0,5733.0,1,0
0.0,1.0,1.0,0,24244.0,1,0
0.0,2.0,1.0,0,65.0,1,0
0.0,1.0,1.0,0,6589.0,1,0
0.0,1.0,1.0,0,6362.0,1,0
0.0,1.0,1.0,0,85320.0,1,0
0.0,1.0,1.0,0,55747.0,1,0
0.0,1.0,1.0,0,51781.0,1,0
0.0,1.0,1.0,0,45766.0,1,0
0.0,1.0,1.0,0,15838.0,1,0
0.0,1.0,1.0,0,49239.0,1,0
0.0,1.0,1.0,0,62958.0,1,0
0.0,1.0,1.0,0,33833.0,1,0
0.0,1.0,1.0,0,30205.0,1,0
0.0,1.0,1.0,0,27211.0,1,0
0.0,1.0,1.0,0,29422.0,1,0
0.0,1.0,1.0,0,16388.0,1,0
0.0,1.0,1.0,0,94614.0,1,0
0.0,1.0,1.0,0,7004.0,1,0
0.0,1.0,1.0,0,25063.0,1,0
0.0,1.0,1.0,0,21181.0,1,0
0.0,1.0,1.0,0,9457.0,1,0
0.0,1.0,1.0,0,65218.0,1,0
0.0,1.0,1.0,0,781.0,1,0
0.0,1.0,1.0,0,486.0,1,0
0.0,1.0,1.0,0,625.0,1,0
0.0,1.0,1.0,0,380.0,1,0
0.0,1.0,1.0,0,891.0,1,0
0.0,1.0,1.0,0,779.0,1,0
0.0,1.0,1.0,0,748.0,1,0
0.0,1.0,1.0,0,141.0,1,0
0.0,1.0,1.0,0,535.0,1,0
0.0,1.0,1.0,0,68976.0,1,0
0.0,1.0,1.0,0,25022.0,1,0
0.0,1.0,1.0,0,11383.0,1,0
0.0,1.0,1.0,0,1099.0,1,0
0.0,1.0,1.0,0,17261.0,1,0
0.0,1.0,1.0,0,4766.0,1,0
0.0,1.0,1.0,0,1229.0,1,0
0.0,1.0,1.0,0,7566.0,1,0
0.0,1.0,1.0,0,37629.0,1,0
0.0,1.0,1.0,0,103891.0,1,0
0.0,1.0,1.0,0,125288.0,1,0
0.0,1.0,1.0,0,46824.0,1,0
0.0,1.0,1.0,0,103195.0,1,0
0.0,1.0,1.0,0,66484.0,1,0
0.0,1.0,1.0,0,17690.0,1,0
0.0,1.0,1.0,0,11272.0,1,0
0.0,1.0,1.0,0,21068.0,1,0
0.0,1.0,1.0,0,17771.0,1,0
0.0,1.0,1.0,0,19319.0,1,0
0.0,1.0,1.0,0,47621.0,1,0
0.0,1.0,1.0,0,32934.0,1,0
0.0,1.0,1.0,0,29704.0,1,0
0.0,1.0,1.0,0,10561.0,1,0
0.0,1.0,1.0,0,69584.0,1,0
0.0,1.0,1.0,0,33889.0,1,0
0.0,1.0,1.0,0,37917.0,1,0
0.0,1.0,1.0,0,38982.0,1,0
0.0,1.0,1.0,0,23074.0,1,0
0.0,1.0,1.0,0,13569.0,1,0
0.0,1.0,1.0,0,69555.0,1,0
0.0,1.0,1.0,0,11212.0,1,0
1.0,1.0,1.0,0,1784.0,1,0
0.0,1.0,1.0,0,39310.0,1,0
0.0,1.0,1.0,0,69922.0,1,0
0.0,1.0,1.0,0,914.0,1,0
0.0,1.0,1.0,0,47477.0,1,0
0.0,1.0,1.0,0,69785.0,1,0
0.0,1.0,1.0,0,34893.0,1,0
0.0,1.0,1.0,0,29245.0,1,0
0.0,1.0,1.0,0,36864.0,1,0
0.0,1.0,1.0,0,10532.0,1,0
0.0,1.0,1.0,0,45104.0,1,0
0.0,1.0,1.0,0,42507.0,1,0
1.0,1.0,1.0,0,58379.0,1,0
0.0,1.0,1.0,0,47203.0,1,0
0.0,1.0,1.0,0,14686.0,1,0
0.0,1.0,1.0,0,50125.0,1,0
0.0,1.0,1.0,0,105573.0,1,0
0.0,1.0,1.0,0,2158.0,1,0
0.0,1.0,1.0,0,20087.0,1,0
0.0,1.0,1.0,0,39249.0,1,0
0.0,1.0,1.0,0,14063.0,1,0
0.0,1.0,1.0,0,26235.0,1,0
0.0,1.0,1.0,0,58184.0,1,0
0.0,1.0,1.0,0,50588.0,1,0
0.0,1.0,1.0,0,28942.0,1,0
0.0,1.0,1.0,0,11925.0,1,0
0.0,1.0,1.0,0,19098.0,1,0
0.0,1.0,1.0,0,1926.0,1,0
0.0,1.0,1.0,0,1355.0,1,0
0.0,1.0,1.0,0,23234.0,1,0
0.0,1.0,1.0,0,23631.0,1,0
0.0,1.0,1.0,0,6384.0,1,0
0.0,1.0,1.0,0,56668.0,1,0
0.0,1.0,1.0,0,30583.0,1,0
0.0,1.0,1.0,0,21067.0,1,0
0.0,1.0,1.0,0,11482.0,1,0
0.0,1.0,1.0,0,93236.0,1,0
0.0,1.0,1.0,0,55028.0,1,0
0.0,1.0,1.0,0,36383.0,1,0
0.0,1.0,1.0,0,112011.0,1,0
0.0,1.0,1.0,0,946.0,1,0
0.0,1.0,1.0,0,17770.0,1,0
1.0,1.0,1.0,0,15053.0,1,0
0.0,1.0,1.0,0,13397.0,1,0
0.0,1.0,1.0,0,183.0,1,0
0.0,1.0,1.0,0,147.0,1,0
0.0,1.0,1.0,0,784.0,1,0
0.0,1.0,1.0,0,153.0,1,0
0.0,1.0,1.0,0,392.0,1,0
0.0,2.0,2.0,0,33.0,1,0
0.0,1.0,1.0,0,612.0,1,0
0.0,1.0,1.0,0,879.0,1,0
0.0,1.0,1.0,0,429.0,1,0
0.0,1.0,1.0,0,50669.0,1,0
0.0,1.0,1.0,0,17499.0,1,0
0.0,1.0,1.0,0,49729.0,1,0
0.0,1.0,1.0,0,13657.0,1,0
0.0,1.0,1.0,0,61578.0,1,0
0.0,1.0,1.0,0,35791.0,1,0
1.0,1.0,1.0,0,13564.0,1,0
0.0,1.0,1.0,0,19549.0,1,0
1.0,1.0,1.0,0,6951.0,1,0
0.0,1.0,1.0,0,36947.0,1,0
1.0,1.0,1.0,0,2029.0,1,0
0.0,1.0,1.0,0,20791.0,1,0
1.0,1.0,1.0,0,3002.0,1,0
0.0,1.0,1.0,0,15554.0,1,0
0.0,1.0,1.0,0,18131.0,1,0
0.0,1.0,1.0,0,57838.0,1,0
0.0,1.0,1.0,0,33399.0,1,0
1.0,1.0,1.0,0,10780.0,1,0
0.0,1.0,1.0,0,28219.0,1,0
0.0,1.0,1.0,0,21417.0,1,0
0.0,1.0,1.0,0,5371.0,1,0
0.0,1.0,1.0,0,7057.0,1,0
1.0,1.0,1.0,0,8149.0,1,0
0.0,1.0,1.0,0,51071.0,1,0
0.0,1.0,1.0,0,104918.0,1,0
0.0,1.0,1.0,0,74673.0,1,0
0.0,1.0,1.0,0,2395.0,1,0
0.0,1.0,1.0,0,1453.0,1,0
0.0,1.0,1.0,0,69528.0,1,0
0.0,1.0,1.0,0,12369.0,1,0
0.0,1.0,1.0,0,40708.0,1,0
0.0,1.0,1.0,0,2263.0,1,0
0.0,1.0,1.0,0,116634.0,1,0
0.0,1.0,1.0,0,43643.0,1,0
0.0,1.0,1.0,0,19007.0,1,0
0.0,1.0,1.0,0,1532.0,1,0
0.0,1.0,1.0,0,35245.0,1,0
0.0,1.0,1.0,0,26908.0,1,0
1.0,1.0,1.0,0,29122.0,1,0
0.0,1.0,1.0,0,56365.0,1,0
0.0,1.0,1.0,0,19432.0,1,0
0.0,1.0,1.0,0,56145.0,1,0
0.0,1.0,1.0,0,581.0,1,0
1.0,1.0,1.0,0,58669.0,1,0
0.0,1.0,1.0,0,8797.0,1,0
0.0,1.0,1.0,0,49768.0,1,0
0.0,1.0,1.0,0,21266.0,1,0
0.0,1.0,1.0,0,11668.0,1,0
0.0,1.0,1.0,0,37098.0,1,0
0.0,1.0,1.0,0,22055.0,1,0
1.0,1.0,1.0,0,49668.0,1,0
0.0,1.0,1.0,0,12505.0,1,0
0.0,1.0,1.0,0,10422.0,1,0
0.0,1.0,1.0,0,20610.0,1,0
0.0,1.0,1.0,0,33280.0,1,0
0.0,1.0,1.0,0,15376.0,1,0
0.0,1.0,1.0,0,38771.0,1,0
0.0,1.0,1.0,0,48746.0,1,0
0.0,1.0,1.0,0,978.0,1,0
0.0,1.0,1.0,0,2319.0,1,0
0.0,1.0,1.0,0,28458.0,1,0
0.0,1.0,1.0,0,4841.0,1,0
0.0,1.0,1.0,0,8835.0,1,0
0.0,1.0,1.0,0,76646.0,1,0
0.0,1.0,1.0,0,7282.0,1,0
0.0,1.0,1.0,0,7873.0,1,0
1.0,1.0,1.0,0,63062.0,1,0
0.0,1.0,1.0,0,42201.0,1,0
0.0,1.0,1.0,0,3270.0,1,0
0.0,1.0,1.0,0,26293.0,1,0
0.0,1.0,1.0,0,20173.0,1,0
0.0,1.0,1.0,0,2267.0,1,0
0.0,1.0,1.0,0,9098.0,1,0
0.0,1.0,1.0,0,85028.0,1,0
0.0,1.0,1.0,0,25087.0,1,0
0.0,1.0,1.0,0,4240.0,1,0
0.0,1.0,1.0,0,22214.0,1,0
0.0,1.0,1.0,0,63021.0,1,0
0.0,1.0,1.0,0,19845.0,1,0
0.0,1.0,1.0,0,36977.0,1,0
0.0,1.0,1.0,0,39728.0,1,0
0.0,1.0,1.0,0,37440.0,1,0
0.0,1.0,1.0,0,4251.0,1,0
0.0,1.0,1.0,0,11767.0,1,0
0.0,1.0,1.0,0,6931.0,1,0
0.0,1.0,1.0,0,43254.0,1,0
1.0,1.0,1.0,0,14469.0,1,0
0.0,1.0,1.0,0,13961.0,1,0
1.0,1.0,1.0,0,13604.0,1,0
0.0,1.0,1.0,0,9301.0,1,0
0.0,1.0,1.0,0,28625.0,1,0
1.0,1.0,1.0,0,15999.0,1,0
0.0,1.0,1.0,0,5339.0,1,0
0.0,1.0,1.0,0,28473.0,1,0
0.0,1.0,1.0,0,7364.0,1,0
1.0,1.0,1.0,0,902.0,1,0
0.0,1.0,1.0,0,11781.0,1,0
0.0,1.0,1.0,0,377.0,1,0
0.0,2.0,2.0,0,14.0,0,1
0.0,1.0,1.0,0,43407.0,1,0
0.0,1.0,1.0,0,91017.0,1,0
0.0,1.0,1.0,0,1806.0,1,0
0.0,1.0,1.0,0,11312.0,1,0
0.0,1.0,1.0,0,59751.0,1,0
0.0,1.0,1.0,0,31256.0,1,0
0.0,1.0,1.0,0,19664.0,1,0
0.0,1.0,1.0,0,13966.0,1,0
0.0,1.0,1.0,0,5624.0,1,0
0.0,1.0,1.0,0,46667.0,1,0
0.0,1.0,1.0,0,52281.0,1,0
0.0,1.0,1.0,0,56607.0,1,0
0.0,1.0,1.0,0,40721.0,1,0
0.0,1.0,1.0,0,843.0,1,0
0.0,1.0,1.0,0,58570.0,1,0
0.0,1.0,1.0,0,40717.0,1,0
0.0,2.0,2.0,0,44.0,1,0
0.0,1.0,1.0,0,11550.0,1,0
0.0,1.0,1.0,0,6238.0,1,0
0.0,1.0,1.0,0,31734.0,1,0
0.0,1.0,1.0,0,14681.0,1,0
0.0,1.0,1.0,0,8478.0,1,0
0.0,1.0,1.0,0,36185.0,1,0
0.0,1.0,1.0,0,2985.0,1,0
0.0,1.0,1.0,0,40068.0,1,0
0.0,1.0,1.0,0,11529.0,1,0
0.0,1.0,1.0,0,41486.0,1,0
0.0,1.0,1.0,0,22766.0,1,0
0.0,1.0,1.0,0,32269.0,1,0
0.0,1.0,1.0,0,35054.0,1,0
0.0,1.0,1.0,0,28718.0,1,0
0.0,1.0,1.0,0,41795.0,1,0
0.0,1.0,1.0,0,32051.0,1,0
0.0,1.0,1.0,0,93578.0,1,0
0.0,1.0,1.0,0,7921.0,1,0
0.0,1.0,1.0,0,3223.0,1,0
0.0,1.0,1.0,0,7188.0,1,0
0.0,1.0,1.0,0,1631.0,1,0
0.0,1.0,1.0,0,1119.0,1,0
0.0,1.0,1.0,0,24647.0,1,0
0.0,1.0,1.0,0,65661.0,1,0
0.0,1.0,1.0,0,12429.0,1,0
0.0,1.0,1.0,0,89349.0,1,0
0.0,1.0,1.0,0,17771.0,1,0
0.0,1.0,1.0,0,3314.0,1,0
0.0,1.0,1.0,0,127240.0,1,0
0.0,1.0,1.0,0,7917.0,1,0
0.0,1.0,1.0,0,13084.0,1,0
0.0,1.0,1.0,0,21899.0,1,0
0.0,1.0,1.0,0,52749.0,1,0
0.0,1.0,1.0,0,80517.0,1,0
1.0,2.0,1.0,0,78.0,1,0
0.0,1.0,1.0,0,410.0,1,0
0.0,1.0,1.0,0,71774.0,1,0
0.0,1.0,1.0,0,21196.0,1,0
0.0,1.0,1.0,0,17637.0,1,0
0.0,1.0,1.0,0,50331.0,1,0
0.0,1.0,1.0,0,18880.0,1,0
0.0,1.0,1.0,0,26247.0,1,0
0.0,1.0,1.0,0,27069.0,1,0
0.0,1.0,1.0,0,7033.0,1,0
0.0,1.0,1.0,0,84451.0,1,0
0.0,1.0,1.0,0,13803.0,1,0
0.0,1.0,1.0,0,65674.0,1,0
0.0,1.0,1.0,0,58435.0,1,0
0.0,1.0,1.0,0,1761.0,1,0
0.0,1.0,1.0,0,5029.0,1,0
0.0,1.0,1.0,0,48567.0,1,0
0.0,1.0,1.0,0,38216.0,1,0
0.0,1.0,1.0,0,61884.0,1,0
0.0,1.0,1.0,0,17809.0,1,0
1.0,1.0,1.0,0,2503.0,1,0
0.0,1.0,1.0,0,54774.0,1,0
0.0,1.0,1.0,0,30580.0,1,0
0.0,1.0,1.0,0,6252.0,1,0
0.0,1.0,1.0,0,678.0,1,0
0.0,1.0,1.0,0,12219.0,1,0
1.0,1.0,1.0,0,17156.0,1,0
1.0,1.0,1.0,0,2756.0,1,0
0.0,1.0,1.0,0,6737.0,1,0
0.0,1.0,1.0,0,15074.0,1,0
1.0,1.0,1.0,0,26591.0,1,0
0.0,1.0,1.0,0,11025.0,1,0
0.0,1.0,1.0,0,9323.0,1,0
0.0,1.0,1.0,0,24462.0,1,0
0.0,1.0,1.0,0,23865.0,1,0
0.0,1.0,1.0,0,6068.0,1,0
0.0,1.0,1.0,0,7347.0,1,0
0.0,1.0,1.0,0,90104.0,1,0
0.0,1.0,1.0,0,7469.0,1,0
0.0,1.0,1.0,0,72090.0,1,0
0.0,1.0,1.0,0,727.0,1,0
0.0,1.0,1.0,0,729.0,1,0
0.0,1.0,1.0,0,477.0,1,0
0.0,1.0,1.0,0,496.0,1,0
0.0,1.0,1.0,0,711.0,1,0
0.0,1.0,1.0,0,634.0,1,0
0.0,1.0,1.0,0,576.0,1,0
0.0,1.0,1.0,0,594.0,1,0
0.0,1.0,1.0,0,593.0,1,0
0.0,1.0,1.0,0,3756.0,1,0
0.0,1.0,1.0,0,7901.0,1,0
0.0,1.0,1.0,0,4295.0,1,0
1.0,1.0,1.0,0,16978.0,1,0
0.0,1.0,1.0,0,23601.0,1,0
0.0,1.0,1.0,0,96936.0,1,0
0.0,1.0,1.0,0,14173.0,1,0
0.0,1.0,1.0,0,95175.0,1,0
0.0,1.0,1.0,0,552.0,1,0
0.0,1.0,1.0,0,343.0,1,0
0.0,1.0,1.0,0,482.0,1,0
0.0,1.0,1.0,0,834.0,1,0
0.0,2.0,1.0,0,202.0,1,0
0.0,1.0,1.0,0,364.0,1,0
0.0,1.0,1.0,0,360.0,1,0
0.0,1.0,1.0,0,563.0,1,0
0.0,2.0,1.0,0,132.0,1,0
0.0,1.0,1.0,0,656.0,1,0
0.0,2.0,1.0,0,178.0,1,0
0.0,2.0,1.0,0,226.0,1,0
0.0,1.0,1.0,0,497.0,1,0
0.0,1.0,1.0,0,26565.0,1,0
1.0,1.0,1.0,0,13452.0,1,0
0.0,1.0,1.0,0,25080.0,1,0
0.0,1.0,1.0,0,11274.0,1,0
0.0,1.0,1.0,0,69927.0,1,0
0.0,1.0,1.0,0,76257.0,1,0
0.0,1.0,1.0,0,1445.0,1,0
0.0,1.0,1.0,0,28353.0,1,0
0.0,1.0,1.0,0,2997.0,1,0
0.0,1.0,1.0,0,682.0,1,0
0.0,1.0,1.0,0,565.0,1,0
0.0,1.0,1.0,0,431.0,1,0
0.0,1.0,1.0,0,553.0,1,0
0.0,1.0,1.0,0,814.0,1,0
0.0,1.0,1.0,0,828.0,1,0
0.0,1.0,1.0,0,324.0,1,0
0.0,2.0,1.0,0,275.0,1,0
0.0,2.0,1.0,0,227.0,1,0
0.0,1.0,1.0,0,472.0,1,0
0.0,1.0,1.0,0,468.0,1,0
0.0,1.0,1.0,0,28897.0,1,0
0.0,1.0,1.0,0,126403.0,1,0
0.0,1.0,1.0,0,60106.0,1,0
0.0,1.0,1.0,0,12689.0,1,0
0.0,1.0,1.0,0,38046.0,1,0
0.0,1.0,1.0,0,5897.0,1,0
0.0,1.0,1.0,0,19808.0,1,0
0.0,1.0,1.0,0,15340.0,1,0
0.0,1.0,1.0,0,24794.0,1,0
1.0,1.0,1.0,0,23665.0,1,0
0.0,1.0,1.0,0,13016.0,1,0
0.0,2.0,1.0,0,209.0,1,0
0.0,1.0,1.0,0,841.0,1,0
0.0,2.0,1.0,0,250.0,1,0
0.0,1.0,1.0,0,16573.0,1,0
0.0,1.0,1.0,0,41234.0,1,0
0.0,1.0,1.0,0,67175.0,1,0
0.0,1.0,1.0,0,3033.0,1,0
0.0,1.0,1.0,0,43031.0,1,0
0.0,1.0,1.0,0,31786.0,1,0
0.0,1.0,1.0,0,9816.0,1,0
0.0,1.0,1.0,0,64014.0,1,0
0.0,1.0,1.0,0,1859.0,1,0
0.0,1.0,1.0,0,31982.0,1,0
1.0,1.0,1.0,0,30777.0,1,0
0.0,1.0,1.0,0,11929.0,1,0
0.0,1.0,1.0,0,32084.0,1,0
0.0,2.0,1.0,0,260.0,1,0
0.0,1.0,1.0,0,90246.0,1,0
0.0,1.0,1.0,0,12134.0,1,0
0.0,1.0,1.0,0,7055.0,1,0
0.0,1.0,1.0,0,2070.0,1,0
1.0,1.0,1.0,0,38608.0,1,0
0.0,1.0,1.0,0,98282.0,1,0
1.0,1.0,1.0,0,40092.0,1,0
0.0,1.0,1.0,0,86684.0,1,0
0.0,1.0,1.0,0,55564.0,1,0
0.0,1.0,1.0,0,6511.0,1,0
0.0,1.0,1.0,0,1734.0,1,0
0.0,1.0,1.0,0,6777.0,1,0
0.0,1.0,1.0,0,68012.0,1,0
0.0,1.0,1.0,0,30016.0,1,0
0.0,1.0,1.0,0,10612.0,1,0
0.0,1.0,1.0,0,16829.0,1,0
0.0,1.0,1.0,0,76556.0,1,0
0.0,1.0,1.0,0,36528.0,1,0
0.0,1.0,1.0,0,69260.0,1,0
0.0,1.0,1.0,0,48774.0,1,0
0.0,1.0,1.0,0,8380.0,1,0
0.0,1.0,1.0,0,19974.0,1,0
0.0,1.0,1.0,0,56584.0,1,0
0.0,1.0,1.0,0,52496.0,1,0
0.0,1.0,1.0,0,80425.0,1,0
0.0,1.0,1.0,0,53424.0,1,0
0.0,1.0,1.0,0,8783.0,1,0
0.0,1.0,1.0,0,614.0,1,0
0.0,1.0,1.0,0,653.0,1,0
0.0,2.0,2.0,0,29.0,1,0
0.0,2.0,1.0,0,112.0,1,0
0.0,2.0,1.0,0,136.0,1,0
0.0,1.0,1.0,0,341.0,1,0
0.0,1.0,1.0,0,586.0,1,0
0.0,1.0,1.0,0,333.0,1,0
0.0,1.0,1.0,0,677.0,1,0
0.0,1.0,1.0,0,111071.0,1,0
1.0,1.0,1.0,0,1317.0,1,0
0.0,1.0,1.0,0,63421.0,1,0
0.0,1.0,1.0,0,1983.0,1,0
0.0,1.0,1.0,0,378.0,1,0
0.0,1.0,1.0,0,859.0,1,0
0.0,1.0,1.0,0,310.0,1,0
0.0,2.0,1.0,0,198.0,1,0
0.0,2.0,1.0,0,251.0,1,0
0.0,1.0,1.0,0,849.0,1,0
0.0,1.0,1.0,0,354.0,1,0
0.0,2.0,1.0,0,137.0,1,0
0.0,1.0,1.0,0,583.0,1,0
0.0,2.0,1.0,0,129.0,1,0
0.0,1.0,1.0,0,532.0,1,0
0.0,1.0,1.0,0,764.0,1,0
0.0,1.0,1.0,0,3348.0,1,0
1.0,1.0,1.0,0,66625.0,1,0
0.0,1.0,1.0,0,58742.0,1,0
0.0,1.0,1.0,0,46615.0,1,0
0.0,1.0,1.0,0,11898.0,1,0
0.0,1.0,1.0,0,64475.0,1,0
0.0,1.0,1.0,0,2188.0,1,0
0.0,1.0,1.0,0,25566.0,1,0
0.0,1.0,1.0,0,23523.0,1,0
0.0,1.0,1.0,0,2938.0,1,0
0.0,1.0,1.0,0,38906.0,1,0
0.0,1.0,1.0,0,20953.0,1,0
0.0,1.0,1.0,0,3791.0,1,0
0.0,1.0,1.0,0,3916.0,1,0
0.0,1.0,1.0,0,23368.0,1,0
0.0,1.0,1.0,0,26858.0,1,0
0.0,1.0,1.0,0,1916.0,1,0
1.0,1.0,1.0,0,54733.0,1,0
0.0,1.0,1.0,0,51584.0,1,0
1.0,1.0,1.0,0,5069.0,1,0
0.0,1.0,1.0,0,78338.0,1,0
0.0,1.0,1.0,0,65309.0,1,0
0.0,1.0,1.0,0,27283.0,1,0
0.0,1.0,1.0,0,39374.0,1,0
0.0,1.0,1.0,0,8737.0,1,0
0.0,1.0,1.0,0,14781.0,1,0
0.0,1.0,1.0,0,4860.0,1,0
0.0,1.0,1.0,0,4776.0,1,0
0.0,1.0,1.0,0,58379.0,1,0
0.0,1.0,1.0,0,21289.0,1,0
0.0,1.0,1.0,0,7414.0,1,0
0.0,1.0,1.0,0,34010.0,1,0
0.0,1.0,1.0,0,69994.0,1,0
0.0,1.0,1.0,0,17095.0,1,0
0.0,1.0,1.0,0,13525.0,1,0
0.0,1.0,1.0,0,49121.0,1,0
0.0,1.0,1.0,0,11467.0,1,0
0.0,1.0,1.0,0,21036.0,1,0
0.0,1.0,1.0,0,7294.0,1,0
0.0,1.0,1.0,0,57681.0,1,0
0.0,1.0,1.0,0,115915.0,1,0
0.0,1.0,1.0,0,25178.0,1,0
0.0,1.0,1.0,0,26629.0,1,0
0.0,1.0,1.0,0,2830.0,1,0
0.0,1.0,1.0,0,22435.0,1,0
0.0,1.0,1.0,0,40421.0,1,0
0.0,1.0,1.0,0,47543.0,1,0
0.0,1.0,1.0,0,590.0,1,0
0.0,1.0,1.0,0,35677.0,1,0
0.0,1.0,1.0,0,3498.0,1,0
0.0,1.0,1.0,0,24581.0,1,0
0.0,1.0,1.0,0,27001.0,1,0
0.0,1.0,1.0,0,28302.0,1,0
0.0,1.0,1.0,0,56470.0,1,0
0.0,1.0,1.0,0,97833.0,1,0
0.0,1.0,1.0,0,16981.0,1,0
0.0,1.0,1.0,0,112713.0,1,0
0.0,1.0,1.0,0,14268.0,1,0
1.0,1.0,1.0,0,15291.0,1,0
0.0,1.0,1.0,0,55426.0,1,0
0.0,1.0,1.0,0,425.0,1,0
0.0,1.0,1.0,0,41222.0,1,0
0.0,1.0,1.0,0,13144.0,1,0
0.0,1.0,1.0,0,5796.0,1,0
0.0,1.0,1.0,0,11022.0,1,0
0.0,1.0,1.0,0,7191.0,1,0
1.0,1.0,1.0,0,25091.0,1,0
1.0,1.0,1.0,0,48341.0,1,0
0.0,1.0,1.0,0,15031.0,1,0
0.0,1.0,1.0,0,7557.0,1,0
0.0,1.0,1.0,0,159787.0,1,0
0.0,1.0,1.0,0,40384.0,1,0
0.0,1.0,1.0,0,30419.0,1,0
0.0,1.0,1.0,0,71941.0,1,0
0.0,1.0,1.0,0,34282.0,1,0
0.0,1.0,1.0,0,40521.0,1,0
0.0,1.0,1.0,0,21850.0,1,0
0.0,1.0,1.0,0,1998.0,1,0
0.0,1.0,1.0,0,11110.0,1,0
0.0,1.0,1.0,0,24841.0,1,0
0.0,1.0,1.0,0,24273.0,1,0
0.0,1.0,1.0,0,23360.0,1,0
0.0,1.0,1.0,0,17785.0,1,0
0.0,1.0,1.0,0,9350.0,1,0
0.0,1.0,1.0,0,10189.0,1,0
0.0,1.0,1.0,0,65572.0,1,0
0.0,1.0,1.0,0,11661.0,1,0
0.0,1.0,1.0,0,28702.0,1,0
0.0,1.0,1.0,0,37360.0,1,0
0.0,1.0,1.0,0,35892.0,1,0
1.0,1.0,1.0,0,2934.0,1,0
1.0,1.0,1.0,0,6810.0,1,0
0.0,1.0,1.0,0,46362.0,1,0
0.0,2.0,1.0,0,158.0,1,0
0.0,1.0,1.0,0,32374.0,1,0
0.0,1.0,1.0,0,20019.0,1,0
0.0,1.0,1.0,0,37356.0,1,0
0.0,1.0,1.0,0,8444.0,1,0
0.0,1.0,1.0,0,461.0,1,0
0.0,1.0,1.0,0,51513.0,1,0
0.0,1.0,1.0,0,7006.0,1,0
0.0,1.0,1.0,0,15527.0,1,0
0.0,1.0,1.0,0,39570.0,1,0
0.0,1.0,1.0,0,26055.0,1,0
0.0,1.0,1.0,0,13238.0,1,0
0.0,1.0,1.0,0,8692.0,1,0
0.0,1.0,1.0,0,10791.0,1,0
0.0,1.0,1.0,0,126931.0,1,0
0.0,1.0,1.0,0,9495.0,1,0
0.0,1.0,1.0,0,40598.0,1,0
0.0,1.0,1.0,0,14389.0,1,0
0.0,1.0,1.0,0,326.0,1,0
0.0,1.0,1.0,0,58482.0,1,0
0.0,1.0,1.0,0,10829.0,1,0
0.0,1.0,1.0,0,10121.0,1,0
0.0,1.0,1.0,0,222926.0,1,0
0.0,1.0,1.0,0,74107.0,1,0
0.0,1.0,1.0,0,1181.0,1,0
0.0,1.0,1.0,0,4829.0,1,0
0.0,1.0,1.0,0,9008.0,1,0
0.0,1.0,1.0,0,51252.0,1,0
0.0,1.0,1.0,0,88392.0,1,0
0.0,1.0,1.0,0,7288.0,1,0
0.0,1.0,1.0,0,32924.0,1,0
0.0,1.0,1.0,0,101512.0,1,0
0.0,1.0,1.0,0,69428.0,1,0
0.0,1.0,1.0,0,73383.0,1,0
0.0,1.0,1.0,0,22850.0,1,0
0.0,1.0,1.0,0,52648.0,1,0
0.0,1.0,1.0,0,1149.0,1,0
0.0,1.0,1.0,0,17961.0,1,0
0.0,1.0,1.0,0,14085.0,1,0
0.0,1.0,1.0,0,68539.0,1,0
0.0,1.0,1.0,0,10596.0,1,0
0.0,1.0,1.0,0,63999.0,1,0
0.0,1.0,1.0,0,37911.0,1,0
0.0,1.0,1.0,0,32841.0,1,0
0.0,1.0,1.0,0,48723.0,1,0
0.0,1.0,1.0,0,20400.0,1,0
0.0,1.0,1.0,0,89274.0,1,0
0.0,1.0,1.0,0,392.0,1,0
0.0,1.0,1.0,0,48252.0,1,0
0.0,1.0,1.0,0,114857.0,1,0
0.0,1.0,1.0,0,57711.0,1,0
0.0,1.0,1.0,0,6714.0,1,0
0.0,1.0,1.0,0,21351.0,1,0
0.0,1.0,1.0,0,43539.0,1,0
0.0,1.0,1.0,0,11697.0,1,0
0.0,1.0,1.0,0,24867.0,1,0
0.0,1.0,1.0,0,25386.0,1,0
0.0,1.0,1.0,0,5692.0,1,0
0.0,1.0,1.0,0,44982.0,1,0
0.0,1.0,1.0,0,42543.0,1,0
0.0,1.0,1.0,0,43663.0,1,0
0.0,1.0,1.0,0,2439.0,1,0
0.0,1.0,1.0,0,77484.0,1,0
0.0,1.0,1.0,0,114222.0,1,0
0.0,1.0,1.0,0,42455.0,1,0
0.0,1.0,1.0,0,13413.0,1,0
0.0,1.0,1.0,0,1562.0,1,0
1.0,1.0,1.0,0,20486.0,1,0
0.0,1.0,1.0,0,128151.0,1,0
0.0,1.0,1.0,0,46917.0,1,0
0.0,1.0,1.0,0,106397.0,1,0
0.0,1.0,1.0,0,42778.0,1,0
0.0,1.0,1.0,0,24192.0,1,0
1.0,1.0,1.0,0,16640.0,1,0
0.0,1.0,1.0,0,29985.0,1,0
0.0,1.0,1.0,0,77750.0,1,0
0.0,1.0,1.0,0,10898.0,1,0
0.0,1.0,1.0,0,54537.0,1,0
0.0,1.0,1.0,0,13135.0,1,0
0.0,1.0,1.0,0,9745.0,1,0
0.0,1.0,1.0,0,25923.0,1,0
0.0,1.0,1.0,0,3455.0,1,0
1.0,1.0,1.0,0,28158.0,1,0
0.0,1.0,1.0,0,20848.0,1,0
0.0,1.0,1.0,0,8844.0,1,0
0.0,1.0,1.0,0,40063.0,1,0
0.0,1.0,1.0,0,24425.0,1,0
0.0,1.0,1.0,0,6192.0,1,0
0.0,1.0,1.0,0,11093.0,1,0
0.0,1.0,1.0,0,19839.0,1,0
0.0,1.0,1.0,0,66561.0,1,0
0.0,1.0,1.0,0,26322.0,1,0
0.0,1.0,1.0,0,37644.0,1,0
1.0,1.0,1.0,0,34640.0,1,0
0.0,1.0,1.0,0,2632.0,1,0
0.0,1.0,1.0,0,1080.0,1,0
0.0,1.0,1.0,0,12816.0,1,0
1.0,1.0,1.0,0,73038.0,1,0
0.0,1.0,1.0,0,74377.0,1,0
0.0,1.0,1.0,0,18112.0,1,0
0.0,1.0,1.0,0,83037.0,1,0
0.0,1.0,1.0,0,71052.0,1,0
0.0,1.0,1.0,0,17765.0,1,0
0.0,1.0,1.0,0,1102.0,1,0
0.0,1.0,1.0,0,17080.0,1,0
0.0,1.0,1.0,0,12289.0,1,0
0.0,1.0,1.0,0,42120.0,1,0
0.0,1.0,1.0,0,51363.0,1,0
0.0,1.0,1.0,0,42987.0,1,0
0.0,1.0,1.0,0,27157.0,1,0
0.0,1.0,1.0,0,3243.0,1,0
0.0,1.0,1.0,0,18285.0,1,0
0.0,1.0,1.0,0,3207.0,1,0
0.0,1.0,1.0,0,60668.0,1,0
0.0,1.0,1.0,0,28516.0,1,0
0.0,1.0,1.0,0,13894.0,1,0
0.0,1.0,1.0,0,29285.0,1,0
0.0,1.0,1.0,0,9189.0,1,0
0.0,1.0,1.0,0,30430.0,1,0
0.0,1.0,1.0,0,2369.0,1,0
0.0,1.0,1.0,0,42694.0,1,0
0.0,1.0,1.0,0,21891.0,1,0
0.0,1.0,1.0,0,13984.0,1,0
0.0,2.0,1.0,0,144.0,1,0
1.0,1.0,1.0,0,15541.0,1,0
0.0,1.0,1.0,0,59160.0,1,0
0.0,1.0,1.0,0,34321.0,1,0
0.0,1.0,1.0,0,77399.0,1,0
0.0,1.0,1.0,0,54154.0,1,0
0.0,1.0,1.0,0,2786.0,1,0
0.0,1.0,1.0,0,14876.0,1,0
0.0,1.0,1.0,0,23644.0,1,0
0.0,1.0,1.0,0,2081.0,1,0
1.0,1.0,1.0,0,4104.0,1,0
1.0,1.0,1.0,0,131330.0,1,0
0.0,1.0,1.0,0,15804.0,1,0
0.0,1.0,1.0,0,96416.0,1,0
1.0,1.0,1.0,0,16856.0,1,0
0.0,1.0,1.0,0,40911.0,1,0
0.0,1.0,1.0,0,43101.0,1,0
0.0,1.0,1.0,0,13489.0,1,0
1.0,1.0,1.0,0,15491.0,1,0
0.0,1.0,1.0,0,42811.0,1,0
0.0,1.0,1.0,0,51151.0,1,0
0.0,1.0,1.0,0,54560.0,1,0
1.0,1.0,1.0,0,13804.0,1,0
0.0,1.0,1.0,0,14765.0,1,0
0.0,1.0,1.0,0,651.0,1,0
0.0,1.0,1.0,0,94776.0,1,0
0.0,1.0,1.0,0,5439.0,1,0
0.0,1.0,1.0,0,2756.0,1,0
0.0,1.0,1.0,0,43541.0,1,0
0.0,1.0,1.0,0,19857.0,1,0
0.0,1.0,1.0,0,8591.0,1,0
0.0,1.0,1.0,0,49584.0,1,0
0.0,1.0,1.0,0,72552.0,1,0
0.0,1.0,1.0,0,18144.0,1,0
0.0,1.0,1.0,0,37985.0,1,0
0.0,1.0,1.0,0,66478.0,1,0
0.0,1.0,1.0,0,1041.0,1,0
0.0,1.0,1.0,0,24428.0,1,0
0.0,1.0,1.0,0,29989.0,1,0
0.0,1.0,1.0,0,15136.0,1,0
0.0,1.0,1.0,0,28025.0,1,0
0.0,1.0,1.0,0,44727.0,1,0
0.0,1.0,1.0,0,1563.0,1,0
0.0,1.0,1.0,0,2657.0,1,0
0.0,1.0,1.0,0,1013.0,1,0
0.0,1.0,1.0,0,10486.0,1,0
0.0,1.0,1.0,0,13029.0,1,0
0.0,1.0,1.0,0,35948.0,1,0
0.0,1.0,1.0,0,21119.0,1,0
0.0,1.0,1.0,0,11058.0,1,0
1.0,1.0,1.0,0,6425.0,1,0
0.0,1.0,1.0,0,37459.0,1,0
0.0,1.0,1.0,0,40633.0,1,0
1.0,1.0,1.0,0,113742.0,1,0
0.0,1.0,1.0,0,35322.0,1,0
0.0,1.0,1.0,0,2718.0,1,0
0.0,1.0,1.0,0,42943.0,1,0
0.0,1.0,1.0,0,11511.0,1,0
1.0,1.0,1.0,0,17580.0,1,0
0.0,1.0,1.0,0,43918.0,1,0
0.0,1.0,1.0,0,21974.0,1,0
1.0,1.0,1.0,0,81205.0,1,0
1.0,1.0,1.0,0,9970.0,1,0
0.0,1.0,1.0,0,41442.0,1,0
0.0,1.0,1.0,0,69897.0,1,0
0.0,1.0,1.0,0,125294.0,1,0
0.0,1.0,1.0,0,23952.0,1,0
0.0,1.0,1.0,0,61491.0,1,0
1.0,1.0,1.0,0,18320.0,1,0
0.0,1.0,1.0,0,32674.0,1,0
1.0,1.0,1.0,0,36949.0,1,0
1.0,1.0,1.0,0,77826.0,1,0
0.0,1.0,1.0,0,3568.0,1,0
1.0,1.0,1.0,0,62888.0,1,0
0.0,1.0,1.0,0,29022.0,1,0
0.0,1.0,1.0,0,38365.0,1,0
0.0,1.0,1.0,0,42804.0,1,0
1.0,1.0,1.0,0,8868.0,1,0
0.0,1.0,1.0,0,38284.0,1,0
0.0,1.0,1.0,0,12037.0,1,0
0.0,1.0,1.0,0,17702.0,1,0
0.0,1.0,1.0,0,11832.0,1,0
0.0,1.0,1.0,0,221804.0,1,0
0.0,1.0,1.0,0,16506.0,1,0
1.0,1.0,1.0,0,43412.0,1,0
0.0,1.0,1.0,0,26194.0,1,0
0.0,1.0,1.0,0,34529.0,1,0
0.0,1.0,1.0,0,41660.0,1,0
1.0,1.0,1.0,0,3382.0,1,0
0.0,1.0,1.0,0,1257.0,1,0
1.0,1.0,1.0,0,9935.0,1,0
0.0,1.0,1.0,0,4964.0,1,0
0.0,1.0,1.0,0,16868.0,1,0
0.0,1.0,1.0,0,25347.0,1,0
1.0,1.0,1.0,0,27146.0,1,0
1.0,1.0,1.0,0,15840.0,1,0
0.0,1.0,1.0,0,19387.0,1,0
0.0,1.0,1.0,0,57137.0,1,0
0.0,1.0,1.0,0,1517.0,1,0
0.0,1.0,1.0,0,15501.0,1,0
0.0,1.0,1.0,0,47700.0,1,0
1.0,1.0,1.0,0,22673.0,1,0
0.0,1.0,1.0,0,66938.0,1,0
0.0,1.0,1.0,0,4097.0,1,0
0.0,1.0,1.0,0,9223.0,1,0
1.0,1.0,1.0,0,73018.0,1,0
0.0,1.0,1.0,0,832.0,1,0
0.0,1.0,1.0,0,6614.0,1,0
1.0,1.0,1.0,0,9535.0,1,0
1.0,1.0,1.0,0,131506.0,1,0
0.0,1.0,1.0,0,26823.0,1,0
0.0,1.0,1.0,0,49297.0,1,0
0.0,1.0,1.0,0,12996.0,1,0
1.0,1.0,1.0,0,17824.0,1,0
0.0,1.0,1.0,0,39141.0,1,0
0.0,1.0,1.0,0,24918.0,1,0
0.0,1.0,1.0,0,442.0,1,0
1.0,1.0,1.0,0,14943.0,1,0
0.0,1.0,1.0,0,13901.0,1,0
0.0,1.0,1.0,0,64121.0,1,0
0.0,1.0,1.0,0,9350.0,1,0
1.0,1.0,1.0,0,69933.0,1,0
0.0,1.0,1.0,0,42068.0,1,0
0.0,1.0,1.0,0,10450.0,1,0
0.0,1.0,1.0,0,11408.0,1,0
1.0,1.0,1.0,0,105674.0,1,0
0.0,1.0,1.0,0,15872.0,1,0
0.0,1.0,1.0,0,10689.0,1,0
0.0,1.0,1.0,0,23442.0,1,0
0.0,1.0,1.0,0,73279.0,1,0
0.0,1.0,1.0,0,41706.0,1,0
1.0,1.0,1.0,0,55626.0,1,0
1.0,1.0,1.0,0,9935.0,1,0
0.0,1.0,1.0,0,25534.0,1,0
0.0,1.0,1.0,0,71867.0,1,0
0.0,1.0,1.0,0,57053.0,1,0
1.0,1.0,1.0,0,2475.0,1,0
0.0,1.0,1.0,0,15128.0,1,0
0.0,1.0,1.0,0,39436.0,1,0
0.0,1.0,1.0,0,79311.0,1,0
0.0,1.0,1.0,0,48064.0,1,0
0.0,1.0,1.0,0,28641.0,1,0
0.0,1.0,1.0,0,92567.0,1,0
0.0,1.0,1.0,0,117449.0,1,0
0.0,1.0,1.0,0,19528.0,1,0
0.0,1.0,1.0,0,5754.0,1,0
1.0,1.0,1.0,0,5083.0,1,0
0.0,1.0,1.0,0,11571.0,1,0
0.0,1.0,1.0,0,91080.0,1,0
0.0,1.0,1.0,0,4745.0,1,0
0.0,1.0,1.0,0,104244.0,1,0
0.0,1.0,1.0,0,19494.0,1,0
0.0,1.0,1.0,0,27825.0,1,0
0.0,1.0,1.0,0,85354.0,1,0
0.0,1.0,1.0,0,28430.0,1,0
0.0,1.0,1.0,0,64776.0,1,0
0.0,1.0,1.0,0,2898.0,1,0
0.0,1.0,1.0,0,12444.0,1,0
1.0,1.0,1.0,0,82671.0,1,0
1.0,1.0,1.0,0,43356.0,1,0
0.0,1.0,1.0,0,3163.0,1,0
0.0,1.0,1.0,0,134671.0,1,0
0.0,1.0,1.0,0,49784.0,1,0
0.0,1.0,1.0,0,80054.0,1,0
0.0,1.0,1.0,0,16348.0,1,0
0.0,1.0,1.0,0,6889.0,1,0
0.0,1.0,1.0,0,50933.0,1,0
0.0,1.0,1.0,0,10826.0,1,0
1.0,1.0,1.0,0,22764.0,1,0
0.0,1.0,1.0,0,52149.0,1,0
1.0,1.0,1.0,0,3896.0,1,0
0.0,1.0,1.0,0,11014.0,1,0
0.0,1.0,1.0,0,26318.0,1,0
1.0,1.0,1.0,0,27554.0,1,0
1.0,1.0,1.0,0,1814.0,1,0
0.0,1.0,1.0,0,40955.0,1,0
1.0,1.0,1.0,0,73704.0,1,0
0.0,1.0,1.0,0,80906.0,1,0
1.0,1.0,1.0,0,17288.0,1,0
0.0,1.0,1.0,0,13502.0,1,0
0.0,1.0,1.0,0,178550.0,1,0
1.0,1.0,1.0,0,34928.0,1,0
1.0,1.0,1.0,0,79529.0,1,0
0.0,1.0,1.0,0,22178.0,1,0
1.0,1.0,1.0,0,9788.0,1,0
0.0,1.0,1.0,0,12709.0,1,0
1.0,1.0,1.0,0,51152.0,1,0
0.0,1.0,1.0,0,26092.0,1,0
1.0,1.0,1.0,0,15244.0,1,0
0.0,1.0,1.0,0,54241.0,1,0
0.0,1.0,1.0,0,2621.0,1,0
0.0,1.0,1.0,0,6292.0,1,0
0.0,1.0,1.0,0,31461.0,1,0
0.0,1.0,1.0,0,13474.0,1,0
0.0,1.0,1.0,0,65639.0,1,0
0.0,1.0,1.0,0,6531.0,1,0
0.0,1.0,1.0,0,8482.0,1,0
0.0,1.0,1.0,0,27032.0,1,0
0.0,1.0,1.0,0,46955.0,1,0
1.0,1.0,1.0,0,118347.0,1,0
1.0,1.0,1.0,0,6856.0,1,0
0.0,1.0,1.0,0,106784.0,1,0
0.0,1.0,1.0,0,87755.0,1,0
1.0,1.0,1.0,0,18862.0,1,0
0.0,1.0,1.0,0,13603.0,1,0
0.0,1.0,1.0,0,68049.0,1,0
0.0,1.0,1.0,0,208768.0,1,0
1.0,1.0,1.0,0,8538.0,1,0
0.0,1.0,1.0,0,117051.0,1,0
0.0,1.0,1.0,0,30544.0,1,0
0.0,1.0,1.0,0,6078.0,1,0
1.0,1.0,1.0,0,8425.0,1,0
0.0,1.0,1.0,0,16698.0,1,0
0.0,1.0,1.0,0,69650.0,1,0
0.0,2.0,1.0,0,89.0,1,0
0.0,1.0,1.0,0,185661.0,1,0
1.0,1.0,1.0,0,21571.0,1,0
0.0,1.0,1.0,0,63091.0,1,0
0.0,1.0,1.0,0,13674.0,1,0
0.0,1.0,1.0,0,46305.0,1,0
0.0,1.0,1.0,0,1675.0,1,0
0.0,1.0,1.0,0,69024.0,1,0
0.0,1.0,1.0,0,86634.0,1,0
0.0,1.0,1.0,0,8786.0,1,0
0.0,1.0,1.0,0,88613.0,1,0
0.0,1.0,1.0,0,44588.0,1,0
1.0,1.0,1.0,0,43727.0,1,0
0.0,1.0,1.0,0,106608.0,1,0
1.0,1.0,1.0,0,135688.0,1,0
0.0,1.0,1.0,0,111100.0,1,0
0.0,1.0,1.0,0,28834.0,1,0
1.0,1.0,1.0,0,4564.0,1,0
0.0,1.0,1.0,0,182181.0,1,0
0.0,1.0,1.0,0,138304.0,1,0
0.0,1.0,1.0,0,12710.0,1,0
1.0,1.0,1.0,0,40307.0,1,0
1.0,1.0,1.0,0,164139.0,1,0
0.0,1.0,1.0,0,10976.0,1,0
1.0,1.0,1.0,0,9643.0,1,0
0.0,1.0,1.0,0,49829.0,1,0
0.0,1.0,1.0,0,23476.0,1,0
1.0,1.0,1.0,0,41898.0,1,0
1.0,1.0,1.0,0,15734.0,1,0
0.0,1.0,1.0,0,5788.0,1,0
1.0,1.0,1.0,0,28221.0,1,0
0.0,1.0,1.0,0,10501.0,1,0
1.0,1.0,1.0,0,21306.0,1,0
0.0,1.0,1.0,0,9775.0,1,0
0.0,1.0,1.0,0,43328.0,1,0
1.0,1.0,1.0,0,2905.0,1,0
0.0,1.0,1.0,0,64911.0,1,0
0.0,1.0,1.0,0,30566.0,1,0
0.0,1.0,1.0,0,22206.0,1,0
0.0,1.0,1.0,0,23613.0,1,0
0.0,1.0,1.0,0,45796.0,1,0
0.0,1.0,1.0,0,13938.0,1,0
0.0,1.0,1.0,0,26076.0,1,0
0.0,1.0,1.0,0,43544.0,1,0
0.0,1.0,1.0,0,47024.0,1,0
0.0,1.0,1.0,0,41312.0,1,0
0.0,1.0,1.0,0,30133.0,1,0
0.0,1.0,1.0,0,115222.0,1,0
0.0,1.0,1.0,0,57565.0,1,0
0.0,1.0,1.0,0,4087.0,1,0
1.0,1.0,1.0,0,22137.0,1,0
0.0,1.0,1.0,0,43895.0,1,0
1.0,1.0,1.0,0,38913.0,1,0
0.0,1.0,1.0,0,28353.0,1,0
0.0,1.0,1.0,0,105976.0,1,0
0.0,2.0,1.0,0,162.0,1,0
0.0,1.0,1.0,0,12177.0,1,0
0.0,1.0,1.0,0,17995.0,1,0
1.0,1.0,1.0,0,6782.0,1,0
0.0,1.0,1.0,0,42137.0,1,0
0.0,1.0,1.0,0,41334.0,1,0
0.0,1.0,1.0,0,68669.0,1,0
0.0,1.0,1.0,0,16321.0,1,0
0.0,1.0,1.0,0,31844.0,1,0
0.0,1.0,1.0,0,40012.0,1,0
0.0,1.0,1.0,0,213423.0,1,0
0.0,1.0,1.0,0,23665.0,1,0
1.0,1.0,1.0,0,13160.0,1,0
1.0,1.0,1.0,0,89606.0,1,0
1.0,1.0,1.0,0,77974.0,1,0
0.0,1.0,1.0,0,15199.0,1,0
0.0,1.0,1.0,0,111474.0,1,0
0.0,1.0,1.0,0,47357.0,1,0
0.0,1.0,1.0,0,49371.0,1,0
0.0,1.0,1.0,0,9555.0,1,0
1.0,1.0,1.0,0,2663.0,1,0
0.0,1.0,1.0,0,45157.0,1,0
0.0,1.0,1.0,0,3330.0,1,0
0.0,1.0,1.0,0,31690.0,1,0
0.0,1.0,1.0,0,13361.0,1,0
0.0,1.0,1.0,0,30908.0,1,0
1.0,1.0,1.0,0,5129.0,1,0
1.0,1.0,1.0,0,225305.0,1,0
0.0,1.0,1.0,0,1482.0,1,0
0.0,1.0,1.0,0,28194.0,1,0
0.0,1.0,1.0,0,155428.0,1,0
1.0,1.0,1.0,0,15042.0,1,0
0.0,1.0,1.0,0,30415.0,1,0
1.0,1.0,1.0,0,29289.0,1,0
0.0,1.0,1.0,0,11530.0,1,0
0.0,1.0,1.0,0,3387.0,1,0
1.0,1.0,1.0,0,1669.0,1,0
0.0,1.0,1.0,0,66968.0,1,0
0.0,1.0,1.0,0,51592.0,1,0
1.0,1.0,1.0,0,77827.0,1,0
0.0,1.0,1.0,0,41605.0,1,0
0.0,1.0,1.0,0,26223.0,1,0
0.0,1.0,1.0,0,95668.0,1,0
1.0,1.0,1.0,0,8611.0,1,0
1.0,1.0,1.0,0,28580.0,1,0
0.0,1.0,1.0,0,10597.0,1,0
0.0,1.0,1.0,0,8976.0,1,0
1.0,1.0,1.0,0,6114.0,1,0
0.0,1.0,1.0,0,101670.0,1,0
0.0,1.0,1.0,0,47282.0,1,0
0.0,1.0,1.0,0,4975.0,1,0
0.0,1.0,1.0,0,99617.0,1,0
0.0,1.0,1.0,0,3058.0,1,0
1.0,1.0,1.0,0,56742.0,1,0
0.0,1.0,1.0,0,17184.0,1,0
1.0,1.0,1.0,0,64044.0,1,0
0.0,1.0,1.0,0,38062.0,1,0
0.0,1.0,1.0,0,51878.0,1,0
0.0,1.0,1.0,0,34197.0,1,0
0.0,1.0,1.0,0,12247.0,1,0
0.0,1.0,1.0,0,22050.0,1,0
0.0,1.0,1.0,0,70448.0,1,0
0.0,1.0,1.0,0,3014.0,1,0
0.0,1.0,1.0,0,37761.0,1,0
1.0,1.0,1.0,0,23664.0,1,0
0.0,1.0,1.0,0,489.0,1,0
0.0,1.0,1.0,0,76770.0,1,0
0.0,1.0,1.0,0,9223.0,1,0
0.0,1.0,1.0,0,1281.0,1,0
0.0,1.0,1.0,0,106540.0,1,0
0.0,1.0,1.0,0,8031.0,1,0
0.0,1.0,1.0,0,42879.0,1,0
1.0,1.0,1.0,0,141296.0,1,0
0.0,1.0,1.0,0,3327.0,1,0
0.0,1.0,1.0,0,11187.0,1,0
0.0,1.0,1.0,0,80083.0,1,0
0.0,1.0,1.0,0,8234.0,1,0
0.0,1.0,1.0,0,7521.0,1,0
0.0,1.0,1.0,0,10421.0,1,0
0.0,1.0,1.0,0,160316.0,1,0
0.0,1.0,1.0,0,105365.0,1,0
1.0,1.0,1.0,0,17672.0,1,0
0.0,1.0,1.0,0,41110.0,1,0
0.0,1.0,1.0,0,208091.0,1,0
0.0,1.0,1.0,0,18574.0,1,0
0.0,1.0,1.0,0,9486.0,1,0
0.0,1.0,1.0,0,43063.0,1,0
0.0,1.0,1.0,0,2047.0,1,0
0.0,1.0,1.0,0,75774.0,1,0
0.0,1.0,1.0,0,30427.0,1,0
0.0,1.0,1.0,0,145702.0,1,0
1.0,1.0,1.0,0,72476.0,1,0
0.0,1.0,1.0,0,159307.0,1,0
0.0,1.0,1.0,0,2500.0,1,0
0.0,1.0,1.0,0,138023.0,1,0
1.0,1.0,1.0,0,9473.0,1,0
0.0,1.0,1.0,0,140315.0,1,0
1.0,1.0,1.0,0,13369.0,1,0
1.0,1.0,1.0,0,7971.0,1,0
0.0,1.0,1.0,0,23287.0,1,0
0.0,1.0,1.0,0,89233.0,1,0
0.0,1.0,1.0,0,44807.0,1,0
0.0,1.0,1.0,0,26938.0,1,0
0.0,1.0,1.0,0,56406.0,1,0
1.0,1.0,1.0,0,35110.0,1,0
1.0,1.0,1.0,0,18390.0,1,0
0.0,1.0,1.0,0,112418.0,1,0
0.0,1.0,1.0,0,5592.0,1,0
0.0,1.0,1.0,0,18642.0,1,0
1.0,1.0,1.0,0,8880.0,1,0
0.0,1.0,1.0,0,19926.0,1,0
0.0,1.0,1.0,0,15141.0,1,0
0.0,1.0,1.0,0,6321.0,1,0
0.0,1.0,1.0,0,66364.0,1,0
0.0,1.0,1.0,0,18205.0,1,0
0.0,1.0,1.0,0,76118.0,1,0
0.0,1.0,1.0,0,37149.0,1,0
0.0,1.0,1.0,0,12656.0,1,0
1.0,1.0,1.0,0,114806.0,1,0
1.0,1.0,1.0,0,2915.0,1,0
1.0,1.0,1.0,0,25033.0,1,0
0.0,1.0,1.0,0,13401.0,1,0
0.0,1.0,1.0,0,9835.0,1,0
0.0,1.0,1.0,0,96807.0,1,0
0.0,1.0,1.0,0,6980.0,1,0
0.0,1.0,1.0,0,51066.0,1,0
1.0,1.0,1.0,0,58289.0,1,0
0.0,1.0,1.0,0,4377.0,1,0
0.0,1.0,1.0,0,16457.0,1,0
1.0,1.0,1.0,0,10234.0,1,0
0.0,1.0,1.0,0,2718.0,1,0
0.0,1.0,1.0,0,35909.0,1,0
0.0,1.0,1.0,0,4924.0,1,0
1.0,1.0,1.0,0,27235.0,1,0
0.0,1.0,1.0,0,30737.0,1,0
0.0,1.0,1.0,0,14228.0,1,0
0.0,1.0,1.0,0,28129.0,1,0
1.0,1.0,1.0,0,70766.0,1,0
0.0,1.0,1.0,0,17960.0,1,0
0.0,1.0,1.0,0,24845.0,1,0
0.0,1.0,1.0,0,91420.0,1,0
0.0,1.0,1.0,0,185415.0,1,0
0.0,1.0,1.0,0,10794.0,1,0
1.0,1.0,1.0,0,116786.0,1,0
0.0,1.0,1.0,0,543.0,1,0
1.0,1.0,1.0,0,62764.0,1,0
0.0,1.0,1.0,0,4436.0,1,0
0.0,1.0,1.0,0,887.0,1,0
1.0,1.0,1.0,0,2168.0,1,0
0.0,1.0,1.0,0,16757.0,1,0
0.0,1.0,1.0,0,30889.0,1,0
0.0,1.0,1.0,0,65532.0,1,0
1.0,1.0,1.0,0,46475.0,1,0
0.0,1.0,1.0,0,8901.0,1,0
1.0,1.0,1.0,0,13417.0,1,0
0.0,1.0,1.0,0,59554.0,1,0
0.0,1.0,1.0,0,3578.0,1,0
0.0,1.0,1.0,0,84733.0,1,0
1.0,1.0,1.0,0,72955.0,1,0
1.0,1.0,1.0,0,11801.0,1,0
0.0,1.0,1.0,0,115335.0,1,0
0.0,1.0,1.0,0,23458.0,1,0
0.0,1.0,1.0,0,54228.0,1,0
0.0,1.0,1.0,0,12270.0,1,0
0.0,1.0,1.0,0,21840.0,1,0
0.0,1.0,1.0,0,30509.0,1,0
0.0,1.0,1.0,0,7491.0,1,0
1.0,1.0,1.0,0,54644.0,1,0
0.0,1.0,1.0,0,4622.0,1,0
0.0,1.0,1.0,0,144584.0,1,0
0.0,1.0,1.0,0,3914.0,1,0
0.0,1.0,1.0,0,7078.0,1,0
0.0,2.0,1.0,0,268.0,1,0
0.0,1.0,1.0,0,50740.0,1,0
1.0,1.0,1.0,0,75126.0,1,0
0.0,1.0,1.0,0,76442.0,1,0
1.0,1.0,1.0,0,274608.0,1,0
0.0,1.0,1.0,0,866.0,1,0
0.0,1.0,1.0,0,8709.0,1,0
1.0,1.0,1.0,0,56439.0,1,0
0.0,1.0,1.0,0,12050.0,1,0
0.0,1.0,1.0,0,37909.0,1,0
0.0,1.0,1.0,0,61401.0,1,0
0.0,1.0,1.0,0,24107.0,1,0
1.0,1.0,1.0,0,36535.0,1,0
0.0,1.0,1.0,0,10079.0,1,0
0.0,1.0,1.0,0,23374.0,1,0
0.0,1.0,1.0,0,26538.0,1,0
0.0,1.0,1.0,0,19849.0,1,0
1.0,1.0,1.0,0,66774.0,1,0
0.0,1.0,1.0,0,41564.0,1,0
1.0,1.0,1.0,0,6028.0,1,0
0.0,1.0,1.0,0,100251.0,1,0
1.0,1.0,1.0,0,23932.0,1,0
0.0,1.0,1.0,0,13805.0,1,0
1.0,1.0,1.0,0,18950.0,1,0
0.0,1.0,1.0,0,37411.0,1,0
1.0,1.0,1.0,0,116021.0,1,0
0.0,1.0,1.0,0,20389.0,1,0
1.0,1.0,1.0,0,11842.0,1,0
1.0,1.0,1.0,0,108442.0,1,0
0.0,1.0,1.0,0,12783.0,1,0
0.0,1.0,1.0,0,4739.0,1,0
0.0,1.0,1.0,0,30817.0,1,0
1.0,1.0,1.0,0,61962.0,1,0
1.0,1.0,1.0,0,73416.0,1,0
0.0,1.0,1.0,0,108009.0,1,0
0.0,1.0,1.0,0,34458.0,1,0
0.0,1.0,1.0,0,14909.0,1,0
1.0,1.0,1.0,0,74523.0,1,0
0.0,1.0,1.0,0,21164.0,1,0
0.0,1.0,1.0,0,19416.0,1,0
0.0,1.0,1.0,0,107600.0,1,0
0.0,1.0,1.0,0,4959.0,1,0
0.0,1.0,1.0,0,23765.0,1,0
0.0,1.0,1.0,0,20244.0,1,0
0.0,1.0,1.0,0,61102.0,1,0
0.0,1.0,1.0,0,43055.0,1,0
0.0,1.0,1.0,0,3415.0,1,0
0.0,1.0,1.0,0,41512.0,1,0
0.0,1.0,1.0,0,22516.0,1,0
0.0,1.0,1.0,0,33634.0,1,0
0.0,1.0,1.0,0,24060.0,1,0
0.0,1.0,1.0,0,246432.0,1,0
0.0,1.0,1.0,0,1099.0,1,0
0.0,1.0,1.0,0,38443.0,1,0
1.0,1.0,1.0,0,36549.0,1,0
1.0,1.0,1.0,0,59237.0,1,0
0.0,1.0,1.0,0,7916.0,1,0
0.0,1.0,1.0,0,29367.0,1,0
0.0,1.0,1.0,0,45739.0,1,0
0.0,1.0,1.0,0,40933.0,1,0
0.0,1.0,1.0,0,99811.0,1,0
1.0,1.0,1.0,0,12928.0,1,0
0.0,1.0,1.0,0,35088.0,1,0
0.0,1.0,1.0,0,9561.0,1,0
0.0,1.0,1.0,0,35031.0,1,0
1.0,1.0,1.0,0,18063.0,1,0
0.0,1.0,1.0,0,73446.0,1,0
0.0,1.0,1.0,0,26084.0,1,0
0.0,1.0,1.0,0,71760.0,1,0
0.0,2.0,1.0,0,261.0,1,0
1.0,1.0,1.0,0,90713.0,1,0
1.0,1.0,1.0,0,36320.0,1,0
1.0,1.0,1.0,0,277.0,1,0
0.0,1.0,1.0,0,26414.0,1,0
0.0,1.0,1.0,0,40719.0,1,0
0.0,1.0,1.0,0,1852.0,1,0
0.0,1.0,1.0,0,21531.0,1,0
0.0,1.0,1.0,0,92454.0,1,0
0.0,1.0,1.0,0,34242.0,1,0
0.0,1.0,1.0,0,41028.0,1,0
0.0,1.0,1.0,0,105649.0,1,0
0.0,1.0,1.0,0,31233.0,1,0
0.0,1.0,1.0,0,6405.0,1,0
1.0,1.0,1.0,0,4719.0,1,0
0.0,1.0,1.0,0,48515.0,1,0
0.0,1.0,1.0,0,1081.0,1,0
0.0,1.0,1.0,0,47212.0,1,0
0.0,1.0,1.0,0,94018.0,1,0
0.0,1.0,1.0,0,5136.0,1,0
0.0,1.0,1.0,0,55117.0,1,0
0.0,1.0,1.0,0,416.0,1,0
0.0,1.0,1.0,0,6356.0,1,0
0.0,1.0,1.0,0,54682.0,1,0
1.0,1.0,1.0,0,38592.0,1,0
0.0,1.0,1.0,0,89807.0,1,0
1.0,1.0,1.0,0,45780.0,1,0
0.0,1.0,1.0,0,99867.0,1,0
0.0,1.0,1.0,0,54039.0,1,0
1.0,1.0,1.0,0,19980.0,1,0
0.0,1.0,1.0,0,43659.0,1,0
0.0,1.0,1.0,0,68513.0,1,0
0.0,1.0,1.0,0,24037.0,1,0
1.0,1.0,1.0,0,10303.0,1,0
1.0,1.0,1.0,0,2003.0,1,0
0.0,1.0,1.0,0,95092.0,1,0
0.0,1.0,1.0,0,50514.0,1,0
0.0,1.0,1.0,0,69645.0,1,0
1.0,1.0,1.0,0,53405.0,1,0
0.0,1.0,1.0,0,179995.0,1,0
0.0,1.0,1.0,0,3027.0,1,0
0.0,1.0,1.0,0,61416.0,1,0
0.0,1.0,1.0,0,23584.0,1,0
0.0,1.0,1.0,0,23301.0,1,0
1.0,1.0,1.0,0,408.0,1,0
0.0,1.0,1.0,0,8649.0,1,0
0.0,1.0,1.0,0,490.0,1,0
1.0,1.0,1.0,0,78587.0,1,0
0.0,1.0,1.0,0,32435.0,1,0
0.0,1.0,1.0,0,7766.0,1,0
0.0,1.0,1.0,0,49703.0,1,0
0.0,1.0,1.0,0,109757.0,1,0
0.0,1.0,1.0,0,109625.0,1,0
0.0,1.0,1.0,0,6334.0,1,0
1.0,1.0,1.0,0,941.0,1,0
1.0,1.0,1.0,0,21631.0,1,0
0.0,1.0,1.0,0,19627.0,1,0
0.0,1.0,1.0,0,815.0,1,0
0.0,1.0,1.0,0,1928.0,1,0
0.0,1.0,1.0,0,32394.0,1,0
0.0,1.0,1.0,0,35321.0,1,0
0.0,1.0,1.0,0,8084.0,1,0
1.0,1.0,1.0,0,91898.0,1,0
1.0,1.0,1.0,0,31034.0,1,0
0.0,1.0,1.0,0,46058.0,1,0
0.0,1.0,1.0,0,46861.0,1,0
1.0,1.0,1.0,0,10897.0,1,0
0.0,1.0,1.0,0,106093.0,1,0
0.0,1.0,1.0,0,78506.0,1,0
0.0,1.0,1.0,0,116185.0,1,0
0.0,1.0,1.0,0,14571.0,1,0
1.0,1.0,1.0,0,19024.0,1,0
1.0,1.0,1.0,0,13587.0,1,0
0.0,1.0,1.0,0,27986.0,1,0
0.0,1.0,1.0,0,19134.0,1,0
1.0,1.0,1.0,0,16388.0,1,0
1.0,1.0,1.0,0,5556.0,1,0
0.0,1.0,1.0,0,107984.0,1,0
0.0,1.0,1.0,0,111374.0,1,0
0.0,1.0,1.0,0,39336.0,1,0
1.0,1.0,1.0,0,53872.0,1,0
0.0,1.0,1.0,0,13521.0,1,0
0.0,1.0,1.0,0,35413.0,1,0
1.0,1.0,1.0,0,13940.0,1,0
0.0,1.0,1.0,0,83639.0,1,0
0.0,1.0,1.0,0,16135.0,1,0
0.0,1.0,1.0,0,53219.0,1,0
0.0,1.0,1.0,0,37826.0,1,0
0.0,1.0,1.0,0,39083.0,1,0
1.0,1.0,1.0,0,25790.0,1,0
0.0,1.0,1.0,0,89128.0,1,0
0.0,1.0,1.0,0,39248.0,1,0
0.0,1.0,1.0,0,37990.0,1,0
1.0,1.0,1.0,0,46617.0,1,0
0.0,1.0,1.0,0,7159.0,1,0
0.0,1.0,1.0,0,119682.0,1,0
0.0,1.0,1.0,0,5039.0,1,0
0.0,1.0,1.0,0,21143.0,1,0
0.0,1.0,1.0,0,33968.0,1,0
1.0,1.0,1.0,0,160338.0,1,0
0.0,1.0,1.0,0,18194.0,1,0
0.0,1.0,1.0,0,24367.0,1,0
0.0,1.0,1.0,0,112244.0,1,0
0.0,1.0,1.0,0,24624.0,1,0
1.0,1.0,1.0,0,61985.0,1,0
0.0,1.0,1.0,0,41020.0,1,0
1.0,1.0,1.0,0,17947.0,1,0
0.0,1.0,1.0,0,91592.0,1,0
0.0,1.0,1.0,0,23939.0,1,0
0.0,1.0,1.0,0,77389.0,1,0
0.0,1.0,1.0,0,6716.0,1,0
0.0,1.0,1.0,0,11140.0,1,0
0.0,1.0,1.0,0,47695.0,1,0
0.0,1.0,1.0,0,38995.0,1,0
1.0,1.0,1.0,0,71090.0,1,0
0.0,1.0,1.0,0,104894.0,1,0
0.0,1.0,1.0,0,47537.0,1,0
0.0,1.0,1.0,0,11069.0,1,0
0.0,1.0,1.0,0,37857.0,1,0
0.0,1.0,1.0,0,13430.0,1,0
0.0,1.0,1.0,0,57281.0,1,0
0.0,1.0,1.0,0,10241.0,1,0
0.0,1.0,1.0,0,47717.0,1,0
0.0,1.0,1.0,0,44896.0,1,0
1.0,1.0,1.0,0,81135.0,1,0
0.0,1.0,1.0,0,4740.0,1,0
1.0,1.0,1.0,0,34030.0,1,0
0.0,1.0,1.0,0,14533.0,1,0
1.0,1.0,1.0,0,89579.0,1,0
1.0,1.0,1.0,0,69078.0,1,0
1.0,1.0,1.0,0,37014.0,1,0
1.0,1.0,1.0,0,37151.0,1,0
0.0,1.0,1.0,0,79875.0,1,0
0.0,1.0,1.0,0,8043.0,1,0
0.0,1.0,1.0,0,8819.0,1,0
0.0,1.0,1.0,0,72008.0,1,0
0.0,1.0,1.0,0,131142.0,1,0
0.0,1.0,1.0,0,17642.0,1,0
0.0,1.0,1.0,0,480.0,1,0
0.0,1.0,1.0,0,63694.0,1,0
1.0,1.0,1.0,0,61042.0,1,0
1.0,1.0,1.0,0,38583.0,1,0
0.0,1.0,1.0,0,34065.0,1,0
1.0,1.0,1.0,0,45176.0,1,0
0.0,1.0,1.0,0,124908.0,1,0
0.0,1.0,1.0,0,21424.0,1,0
1.0,1.0,1.0,0,3358.0,1,0
0.0,1.0,1.0,0,481.0,1,0
0.0,1.0,1.0,0,13501.0,1,0
0.0,1.0,1.0,0,50162.0,1,0
0.0,1.0,1.0,0,26231.0,1,0
0.0,1.0,1.0,0,57956.0,1,0
0.0,1.0,1.0,0,16769.0,1,0
1.0,1.0,1.0,0,192800.0,1,0
0.0,1.0,1.0,0,23393.0,1,0
0.0,1.0,1.0,0,12575.0,1,0
0.0,1.0,1.0,0,86627.0,1,0
0.0,1.0,1.0,0,77942.0,1,0
0.0,1.0,1.0,0,6490.0,1,0
0.0,1.0,1.0,0,8997.0,1,0
0.0,1.0,1.0,0,28987.0,1,0
1.0,1.0,1.0,0,97907.0,1,0
1.0,1.0,1.0,0,29638.0,1,0
0.0,1.0,1.0,0,23011.0,1,0
1.0,1.0,1.0,0,18245.0,1,0
1.0,1.0,1.0,0,18124.0,1,0
0.0,1.0,1.0,0,7865.0,1,0
1.0,1.0,1.0,0,18389.0,1,0
0.0,1.0,1.0,0,59821.0,1,0
1.0,1.0,1.0,0,18940.0,1,0
0.0,1.0,1.0,0,4489.0,1,0
0.0,1.0,1.0,0,86535.0,1,0
1.0,1.0,1.0,0,36133.0,1,0
0.0,1.0,1.0,0,3174.0,1,0
0.0,1.0,1.0,0,5477.0,1,0
0.0,1.0,1.0,0,26137.0,1,0
0.0,1.0,1.0,0,244924.0,1,0
0.0,1.0,1.0,0,148496.0,1,0
0.0,1.0,1.0,0,43266.0,1,0
0.0,1.0,1.0,0,1757.0,1,0
0.0,1.0,1.0,0,44022.0,1,0
0.0,1.0,1.0,0,9634.0,1,0
0.0,1.0,1.0,0,312473.0,1,0
1.0,1.0,1.0,0,25125.0,1,0
0.0,1.0,1.0,0,14813.0,1,0
0.0,1.0,1.0,0,74802.0,1,0
0.0,1.0,1.0,0,39375.0,1,0
1.0,1.0,1.0,0,987.0,1,0
0.0,1.0,1.0,0,55715.0,1,0
1.0,1.0,1.0,0,38539.0,1,0
0.0,1.0,1.0,0,53964.0,1,0
0.0,1.0,1.0,0,46871.0,1,0
0.0,1.0,1.0,0,14639.0,1,0
1.0,1.0,1.0,0,9880.0,1,0
1.0,1.0,1.0,0,1283.0,1,0
0.0,1.0,1.0,0,20000.0,1,0
1.0,1.0,1.0,0,6453.0,1,0
0.0,1.0,1.0,0,5249.0,1,0
0.0,1.0,1.0,0,8253.0,1,0
0.0,1.0,1.0,0,134347.0,1,0
0.0,1.0,1.0,0,50138.0,1,0
0.0,1.0,1.0,0,86415.0,1,0
1.0,1.0,1.0,0,15483.0,1,0
0.0,1.0,1.0,0,18897.0,1,0
0.0,1.0,1.0,0,45791.0,1,0
0.0,1.0,1.0,0,30504.0,1,0
1.0,1.0,1.0,0,61729.0,1,0
0.0,1.0,1.0,0,101702.0,1,0
0.0,1.0,1.0,0,69924.0,1,0
0.0,1.0,1.0,0,3841.0,1,0
0.0,1.0,1.0,0,62934.0,1,0
1.0,1.0,1.0,0,11771.0,1,0
0.0,1.0,1.0,0,91422.0,1,0
1.0,1.0,1.0,0,23094.0,1,0
